Protocollo;Gruppo;DataOraIncidente;Localizzazione1;STRADA1;Localizzazione2;STRADA2;Strada02;Chilometrica;DaSpecificare;NaturaIncidente;particolaritastrade;TipoStrada;FondoStradale;Pavimentazione;Segnaletica;CondizioneAtmosferica;Traffico;Visibilita;Illuminazione;NUM_FERITI;NUM_RISERVATA;NUM_MORTI;NUM_ILLESI;Longitudine;Latitudine;Confermato;Progressivo;TipoVeicolo;StatoVeicolo;TipoPersona;Sesso;Tipolesione;Deceduto;DecedutoDopo;CinturaCascoUtilizzato;Airbag
2075179;2;01/06/2014 01:15;Strada Urbana;PIAZZALE DEL PARCO DELLA RIMEMBRANZA;all'intersezione con;VIALE MARESCIALLO PILSUDSKI;VIALE MARESCIALLO PILSUDSKI;;;Scontro laterale fra veicoli in marcia;Intersezione semaforizzata;Più di due carreggiate;Asciutto;Asfaltata;Verticale ed orizzontale;Sereno;Scarso;Sufficiente;Sufficiente;0;0;0;5;12.48244;41.92901;-1;2;Autovettura privata;In marcia / fermata / arresto;Passeggero;F;Illeso;0;;;
2075179;2;01/06/2014 01:15;Strada Urbana;PIAZZALE DEL PARCO DELLA RIMEMBRANZA;all'intersezione con;VIALE MARESCIALLO PILSUDSKI;VIALE MARESCIALLO PILSUDSKI;;;Scontro laterale fra veicoli in marcia;Intersezione semaforizzata;Più di due carreggiate;Asciutto;Asfaltata;Verticale ed orizzontale;Sereno;Scarso;Sufficiente;Sufficiente;0;0;0;5;12.48244;41.92901;-1;2;Autovettura privata;In marcia / fermata / arresto;Passeggero;M;Illeso;0;;;
2075182;2;01/06/2014 18:20;Strada Urbana;VIALE BRUNO BUOZZI;in corrispondenza;;del civico n.;78;;Scontro laterale fra veicoli in marcia;Rettilineo;Una carreggiata a doppio senso;Asciutto;Asfaltata;Verticale ed orizzontale;Sereno;Normale;Buona;Ore Diurne;2;0;0;1;12.4809895;41.921154;-1;1;Motociclo con passeggero;In marcia / fermata / arresto;Conducente;M;Rifiuta cure immediate;0;NON DECEDUTO;Non accertato;
2075182;2;01/06/2014 18:20;Strada Urbana;VIALE BRUNO BUOZZI;in corrispondenza;;del civico n.;78;;Scontro laterale fra veicoli in marcia;Rettilineo;Una carreggiata a doppio senso;Asciutto;Asfaltata;Verticale ed orizzontale;Sereno;Normale;Buona;Ore Diurne;2;0;0;1;12.4809895;41.921154;-1;1;Motociclo con passeggero;In marcia / fermata / arresto;Passeggero;F;Rimandato;0;NON DECEDUTO;Non accertato;
2075182;2;01/06/2014 18:20;Strada Urbana;VIALE BRUNO BUOZZI;in corrispondenza;;del civico n.;78;;Scontro laterale fra veicoli in marcia;Rettilineo;Una carreggiata a doppio senso;Asciutto;Asfaltata;Verticale ed orizzontale;Sereno;Normale;Buona;Ore Diurne;2;0;0;1;12.4809895;41.921154;-1;2;Autovettura privata;In marcia / fermata / arresto;Conducente;M;Illeso;0;;Non accertato;Inesploso
2075184;2;01/06/2014 18:00;Strada Urbana;PIAZZA EUCLIDE;all'intersezione con;VIA ARCHIMEDE;VIA ARCHIMEDE;;;Scontro laterale fra veicoli in marcia;Incrocio;Una carreggiata a senso unico di marcia;Asciutto;Asfaltata;Verticale ed orizzontale;Sereno;Scarso;Buona;Ore Diurne;0;0;0;2;12.48074;41.92672;-1;1;Autocarro inferiore 35 q.;In marcia / fermata / arresto;Conducente;M;Illeso;0;;Non accertato;Inesploso
2075184;2;01/06/2014 18:00;Strada Urbana;PIAZZA EUCLIDE;all'intersezione con;VIA ARCHIMEDE;VIA ARCHIMEDE;;;Scontro laterale fra veicoli in marcia;Incrocio;Una carreggiata a senso unico di marcia;Asciutto;Asfaltata;Verticale ed orizzontale;Sereno;Scarso;Buona;Ore Diurne;0;0;0;2;12.48074;41.92672;-1;2;Ciclomotore;In marcia / fermata / arresto;Conducente;F;Illeso;0;;Non accertato;
2075185;2;01/06/2014 10:40;Strada Urbana;LUNGOTEVERE ARNALDO DA BRESCIA;da specificare;;;;sottopasso;Veicolo in marcia contro ostacolo fisso;Rettilineo;Più di due carreggiate;Asciutto;Asfaltata;Verticale ed orizzontale;Sereno;Scarso;Buona;Ore Diurne;0;0;0;1;12.4733;41.91022;-1;1;Autovettura privata;In marcia / fermata / arresto;Conducente;M;Illeso;0;;;
2075198;18;01/06/2014 13:30;Strada Urbana;VIA DI CASAL SELCE;in corrispondenza;;del civico n.;425;;Scontro frontale/laterale SX fra veicoli in marcia;Rettilineo;Una carreggiata a doppio senso;Asciutto;Asfaltata;Verticale ed orizzontale;Sereno;Scarso;Buona;Ore Diurne;1;0;0;2;12.35364;41.91882;-1;1;Motociclo a solo;In marcia / fermata / arresto;Conducente;M;Rimandato;0;NON DECEDUTO;Non accertato;
2075198;18;01/06/2014 13:30;Strada Urbana;VIA DI CASAL SELCE;in corrispondenza;;del civico n.;425;;Scontro frontale/laterale SX fra veicoli in marcia;Rettilineo;Una carreggiata a doppio senso;Asciutto;Asfaltata;Verticale ed orizzontale;Sereno;Scarso;Buona;Ore Diurne;1;0;0;2;12.35364;41.91882;-1;2;Autovettura privata;In marcia / fermata / arresto;Conducente;M;Illeso;0;;Non accertato;Esploso
2075198;18;01/06/2014 13:30;Strada Urbana;VIA DI CASAL SELCE;in corrispondenza;;del civico n.;425;;Scontro frontale/laterale SX fra veicoli in marcia;Rettilineo;Una carreggiata a doppio senso;Asciutto;Asfaltata;Verticale ed orizzontale;Sereno;Scarso;Buona;Ore Diurne;1;0;0;2;12.35364;41.91882;-1;2;Autovettura privata;In marcia / fermata / arresto;Passeggero;F;Illeso;0;;Non accertato;Esploso
2075205;13;02/06/2014 18:00;Strada Urbana;VIA DELLE BALENIERE;in prossimità;;del civico n.;100;;Veicolo in marcia contro veicoli in sosta;Rettilineo;Una carreggiata a doppio senso;Asciutto;Asfaltata;Orizzontale;Sereno;Normale;Buona;Ore Diurne;0;0;0;1;12.2787854;41.7367296;-1;1;Autovettura privata;In marcia / fermata / arresto;Conducente;F;Illeso;0;;Non accertato;Inesploso
2075206;7;02/06/2014 19:55;Strada Urbana;VIA GIACOMO BRESADOLA;all'intersezione con;VIA FILIPPO SMALDONE;VIA FILIPPO SMALDONE;;;Scontro frontale/laterale SX fra veicoli in marcia;Intersezione stradale segnalata;Una carreggiata a doppio senso;Asciutto;Asfaltata;Verticale ed orizzontale;Sereno;Scarso;Buona;Ore Diurne;2;0;0;2;12.56104;41.89379;-1;1;Autovettura privata;In marcia / fermata / arresto;Conducente;F;Illeso;0;;Non accertato;Inesploso
2075206;7;02/06/2014 19:55;Strada Urbana;VIA GIACOMO BRESADOLA;all'intersezione con;VIA FILIPPO SMALDONE;VIA FILIPPO SMALDONE;;;Scontro frontale/laterale SX fra veicoli in marcia;Intersezione stradale segnalata;Una carreggiata a doppio senso;Asciutto;Asfaltata;Verticale ed orizzontale;Sereno;Scarso;Buona;Ore Diurne;2;0;0;2;12.56104;41.89379;-1;1;Autovettura privata;In marcia / fermata / arresto;Passeggero;F;Rifiuta cure immediate;0;NON DECEDUTO;;
2075206;7;02/06/2014 19:55;Strada Urbana;VIA GIACOMO BRESADOLA;all'intersezione con;VIA FILIPPO SMALDONE;VIA FILIPPO SMALDONE;;;Scontro frontale/laterale SX fra veicoli in marcia;Intersezione stradale segnalata;Una carreggiata a doppio senso;Asciutto;Asfaltata;Verticale ed orizzontale;Sereno;Scarso;Buona;Ore Diurne;2;0;0;2;12.56104;41.89379;-1;2;Autovettura privata;In marcia / fermata / arresto;Conducente;M;Illeso;0;;Non accertato;Inesploso
2075206;7;02/06/2014 19:55;Strada Urbana;VIA GIACOMO BRESADOLA;all'intersezione con;VIA FILIPPO SMALDONE;VIA FILIPPO SMALDONE;;;Scontro frontale/laterale SX fra veicoli in marcia;Intersezione stradale segnalata;Una carreggiata a doppio senso;Asciutto;Asfaltata;Verticale ed orizzontale;Sereno;Scarso;Buona;Ore Diurne;2;0;0;2;12.56104;41.89379;-1;2;Autovettura privata;In marcia / fermata / arresto;Passeggero;F;Rifiuta cure immediate;0;NON DECEDUTO;Non accertato;Inesploso
2075215;1;02/06/2014 20:55;Strada Urbana;VIA MERULANA;in prossimità;;del civico n.;244;;Tamponamento;Rettilineo;Una carreggiata a doppio senso;Asciutto;Asfaltata;Verticale ed orizzontale;Sereno;Normale;Sufficiente;Sufficiente;3;0;0;1;12.501;41.89369;-1;1;Autovettura privata;In marcia / fermata / arresto;Conducente;M;Illeso;0;;Non accertato;
2075215;1;02/06/2014 20:55;Strada Urbana;VIA MERULANA;in prossimità;;del civico n.;244;;Tamponamento;Rettilineo;Una carreggiata a doppio senso;Asciutto;Asfaltata;Verticale ed orizzontale;Sereno;Normale;Sufficiente;Sufficiente;3;0;0;1;12.501;41.89369;-1;2;Autovettura privata;In marcia / fermata / arresto;Conducente;M;Rifiuta cure immediate;0;NON DECEDUTO;Non accertato;
2075215;1;02/06/2014 20:55;Strada Urbana;VIA MERULANA;in prossimità;;del civico n.;244;;Tamponamento;Rettilineo;Una carreggiata a doppio senso;Asciutto;Asfaltata;Verticale ed orizzontale;Sereno;Normale;Sufficiente;Sufficiente;3;0;0;1;12.501;41.89369;-1;2;Autovettura privata;In marcia / fermata / arresto;Passeggero;F;Rimandato;0;NON DECEDUTO;Non accertato;
2075215;1;02/06/2014 20:55;Strada Urbana;VIA MERULANA;in prossimità;;del civico n.;244;;Tamponamento;Rettilineo;Una carreggiata a doppio senso;Asciutto;Asfaltata;Verticale ed orizzontale;Sereno;Normale;Sufficiente;Sufficiente;3;0;0;1;12.501;41.89369;-1;2;Autovettura privata;In marcia / fermata / arresto;Passeggero;M;Rimandato;0;NON DECEDUTO;Non accertato;
2075216;7;01/06/2014 16:00;Strada Urbana;VIA PRENESTINA;in prossimità;;del civico n.;915;;Scontro laterale fra veicoli in marcia;Rettilineo;Una carreggiata a doppio senso;Asciutto;Asfaltata;Orizzontale;Sereno;Scarso;Buona;Ore Diurne;1;0;0;1;12.5934324;41.8939326;-1;1;Autovettura privata;In marcia / fermata / arresto;Conducente;M;Illeso;0;;;
2075216;7;01/06/2014 16:00;Strada Urbana;VIA PRENESTINA;in prossimità;;del civico n.;915;;Scontro laterale fra veicoli in marcia;Rettilineo;Una carreggiata a doppio senso;Asciutto;Asfaltata;Orizzontale;Sereno;Scarso;Buona;Ore Diurne;1;0;0;1;12.5934324;41.8939326;-1;2;Motociclo a solo;In marcia / fermata / arresto;Conducente;M;Ricoverato;0;NON DECEDUTO;;
2075217;7;03/06/2014 08:15;Strada Urbana;VIA PRENESTINA;da specificare;;;;fronte civico 1056;Scontro frontale/laterale DX fra veicoli in marcia;Rettilineo;Una carreggiata a doppio senso;Asciutto;Asfaltata;Orizzontale;Sereno;Intenso;Buona;Ore Diurne;0;0;0;2;12.60926;41.89371;-1;1;Motociclo a solo;In marcia / fermata / arresto;Conducente;M;Illeso;0;;Non accertato;
2075217;7;03/06/2014 08:15;Strada Urbana;VIA PRENESTINA;da specificare;;;;fronte civico 1056;Scontro frontale/laterale DX fra veicoli in marcia;Rettilineo;Una carreggiata a doppio senso;Asciutto;Asfaltata;Orizzontale;Sereno;Intenso;Buona;Ore Diurne;0;0;0;2;12.60926;41.89371;-1;2;Autovettura privata;In marcia / fermata / arresto;Conducente;F;Illeso;0;;Non accertato;
2075235;1;02/06/2014 20:20;Strada Urbana;VIALE MARCO POLO;all'intersezione semaforizzata con;VIA LUIGI RONCINOTTO;VIA LUIGI RONCINOTTO;;;Tamponamento;Intersezione semaforizzata;Più di due carreggiate;Asciutto;Asfaltata;Verticale ed orizzontale;Sereno;Scarso;Sufficiente;Sufficiente;4;0;0;0;12.48929;41.87284;-1;1;Autovettura privata;In marcia / fermata / arresto;Conducente;F;Rimandato;0;NON DECEDUTO;Non accertato;Inesploso
2075235;1;02/06/2014 20:20;Strada Urbana;VIALE MARCO POLO;all'intersezione semaforizzata con;VIA LUIGI RONCINOTTO;VIA LUIGI RONCINOTTO;;;Tamponamento;Intersezione semaforizzata;Più di due carreggiate;Asciutto;Asfaltata;Verticale ed orizzontale;Sereno;Scarso;Sufficiente;Sufficiente;4;0;0;0;12.48929;41.87284;-1;2;Autovettura privata;In marcia / fermata / arresto;Conducente;M;Rifiuta cure immediate;0;NON DECEDUTO;Non accertato;Inesploso
2075235;1;02/06/2014 20:20;Strada Urbana;VIALE MARCO POLO;all'intersezione semaforizzata con;VIA LUIGI RONCINOTTO;VIA LUIGI RONCINOTTO;;;Tamponamento;Intersezione semaforizzata;Più di due carreggiate;Asciutto;Asfaltata;Verticale ed orizzontale;Sereno;Scarso;Sufficiente;Sufficiente;4;0;0;0;12.48929;41.87284;-1;2;Autovettura privata;In marcia / fermata / arresto;Passeggero;F;Rimandato;0;NON DECEDUTO;Non accertato;
2075235;1;02/06/2014 20:20;Strada Urbana;VIALE MARCO POLO;all'intersezione semaforizzata con;VIA LUIGI RONCINOTTO;VIA LUIGI RONCINOTTO;;;Tamponamento;Intersezione semaforizzata;Più di due carreggiate;Asciutto;Asfaltata;Verticale ed orizzontale;Sereno;Scarso;Sufficiente;Sufficiente;4;0;0;0;12.48929;41.87284;-1;2;Autovettura privata;In marcia / fermata / arresto;Passeggero;F;Rimandato;0;NON DECEDUTO;Non accertato;
2075243;11;02/06/2014 12:15;Strada Urbana;VIALE DI TOR MARANCIA;all'intersezione con;VIA DEI LINCEI;VIA DEI LINCEI;;;Investimento di pedone;Incrocio;Due carreggiate;Asciutto;Asfaltata;Verticale ed orizzontale;Sereno;Scarso;Buona;Ore Diurne;1;0;0;1;12.49718;41.85489;-1;;;;Pedone;F;Rimandato;0;NON DECEDUTO;;
2075243;11;02/06/2014 12:15;Strada Urbana;VIALE DI TOR MARANCIA;all'intersezione con;VIA DEI LINCEI;VIA DEI LINCEI;;;Investimento di pedone;Incrocio;Due carreggiate;Asciutto;Asfaltata;Verticale ed orizzontale;Sereno;Scarso;Buona;Ore Diurne;1;0;0;1;12.49718;41.85489;-1;1;Autovettura privata;In marcia / fermata / arresto;Conducente;M;Illeso;0;;Non accertato;
2075250;11;02/06/2014 20:30;Strada Urbana;VIA DEI GEORGOFILI;all'intersezione con;VIA DELL'ARCADIA;VIA DELL'ARCADIA;;;Scontro frontale/laterale DX fra veicoli in marcia;Intersezione stradale segnalata;Più di due carreggiate;Asciutto;Asfaltata;Verticale ed orizzontale;Sereno;Scarso;Insufficiente;Insufficiente;1;0;0;2;12.49207;41.85331;-1;1;Motociclo a solo;In marcia / fermata / arresto;Conducente;M;Rimandato;0;NON DECEDUTO;Non accertato;
2075250;11;02/06/2014 20:30;Strada Urbana;VIA DEI GEORGOFILI;all'intersezione con;VIA DELL'ARCADIA;VIA DELL'ARCADIA;;;Scontro frontale/laterale DX fra veicoli in marcia;Intersezione stradale segnalata;Più di due carreggiate;Asciutto;Asfaltata;Verticale ed orizzontale;Sereno;Scarso;Insufficiente;Insufficiente;1;0;0;2;12.49207;41.85331;-1;2;Autovettura privata;In marcia / fermata / arresto;Conducente;M;Illeso;0;;Non accertato;
2075250;11;02/06/2014 20:30;Strada Urbana;VIA DEI GEORGOFILI;all'intersezione con;VIA DELL'ARCADIA;VIA DELL'ARCADIA;;;Scontro frontale/laterale DX fra veicoli in marcia;Intersezione stradale segnalata;Più di due carreggiate;Asciutto;Asfaltata;Verticale ed orizzontale;Sereno;Scarso;Insufficiente;Insufficiente;1;0;0;2;12.49207;41.85331;-1;2;Autovettura privata;In marcia / fermata / arresto;Passeggero;M;Illeso;0;;Non accertato;
2075257;7;02/06/2014 12:00;Strada Urbana;VIALE PALMIRO TOGLIATTI;all'intersezione con;PIAZZALE PINO PASCALI;PIAZZALE PINO PASCALI;;;Scontro frontale/laterale SX fra veicoli in marcia;Intersezione semaforizzata;Due carreggiate;Asciutto;Asfaltata;Verticale ed orizzontale;Sereno;Scarso;Buona;Ore Diurne;4;0;0;0;12.57563;41.89606;-1;1;Autovettura privata;In marcia / fermata / arresto;Conducente;F;Rimandato;0;NON DECEDUTO;Non accertato;Inesploso
2075257;7;02/06/2014 12:00;Strada Urbana;VIALE PALMIRO TOGLIATTI;all'intersezione con;PIAZZALE PINO PASCALI;PIAZZALE PINO PASCALI;;;Scontro frontale/laterale SX fra veicoli in marcia;Intersezione semaforizzata;Due carreggiate;Asciutto;Asfaltata;Verticale ed orizzontale;Sereno;Scarso;Buona;Ore Diurne;4;0;0;0;12.57563;41.89606;-1;1;Autovettura privata;In marcia / fermata / arresto;Passeggero;F;Rimandato;0;NON DECEDUTO;Non accertato;
2075257;7;02/06/2014 12:00;Strada Urbana;VIALE PALMIRO TOGLIATTI;all'intersezione con;PIAZZALE PINO PASCALI;PIAZZALE PINO PASCALI;;;Scontro frontale/laterale SX fra veicoli in marcia;Intersezione semaforizzata;Due carreggiate;Asciutto;Asfaltata;Verticale ed orizzontale;Sereno;Scarso;Buona;Ore Diurne;4;0;0;0;12.57563;41.89606;-1;2;Autovettura privata;In marcia / fermata / arresto;Conducente;M;Rimandato;0;NON DECEDUTO;Non accertato;
2075257;7;02/06/2014 12:00;Strada Urbana;VIALE PALMIRO TOGLIATTI;all'intersezione con;PIAZZALE PINO PASCALI;PIAZZALE PINO PASCALI;;;Scontro frontale/laterale SX fra veicoli in marcia;Intersezione semaforizzata;Due carreggiate;Asciutto;Asfaltata;Verticale ed orizzontale;Sereno;Scarso;Buona;Ore Diurne;4;0;0;0;12.57563;41.89606;-1;2;Autovettura privata;In marcia / fermata / arresto;Passeggero;F;Rimandato;0;NON DECEDUTO;Non accertato;
2075278;12;01/06/2014 02:00;Strada Urbana;VIA ANTONIO LOTTI;da specificare;;;;VIA WOLF FERRARI ;Veicolo in marcia contro ostacolo accidentale;Rettilineo;Una carreggiata a doppio senso;Asciutto;Con buche;Orizzontale;Sereno;Scarso;Insufficiente;Inesistente;0;0;0;2;12.3815;41.75083;-1;1;Autovettura privata;In marcia / fermata / arresto;Conducente;M;Illeso;0;;Utilizzato;Inesploso
2075278;12;01/06/2014 02:00;Strada Urbana;VIA ANTONIO LOTTI;da specificare;;;;VIA WOLF FERRARI ;Veicolo in marcia contro ostacolo accidentale;Rettilineo;Una carreggiata a doppio senso;Asciutto;Con buche;Orizzontale;Sereno;Scarso;Insufficiente;Inesistente;0;0;0;2;12.3815;41.75083;-1;1;Autovettura privata;In marcia / fermata / arresto;Passeggero;M;Illeso;0;;Utilizzato;Inesploso
2075281;12;02/06/2014 16:25;Strada Urbana;VIA TOMMASO ARCIDIACONO;all'intersezione con;VIA ANDREA MELDOLA;VIA ANDREA MELDOLA;;;Scontro frontale/laterale SX fra veicoli in marcia;Intersezione stradale segnalata;Una carreggiata a doppio senso;Asciutto;Asfaltata;Verticale ed orizzontale;Sereno;Scarso;Buona;Ore Diurne;0;0;0;5;12.51103;41.82306;-1;1;Autovettura privata;In marcia / fermata / arresto;Conducente;F;Illeso;0;;Utilizzato;Inesploso
2075281;12;02/06/2014 16:25;Strada Urbana;VIA TOMMASO ARCIDIACONO;all'intersezione con;VIA ANDREA MELDOLA;VIA ANDREA MELDOLA;;;Scontro frontale/laterale SX fra veicoli in marcia;Intersezione stradale segnalata;Una carreggiata a doppio senso;Asciutto;Asfaltata;Verticale ed orizzontale;Sereno;Scarso;Buona;Ore Diurne;0;0;0;5;12.51103;41.82306;-1;2;Autovettura privata;In marcia / fermata / arresto;Conducente;M;Illeso;0;;Utilizzato;Inesploso
2075281;12;02/06/2014 16:25;Strada Urbana;VIA TOMMASO ARCIDIACONO;all'intersezione con;VIA ANDREA MELDOLA;VIA ANDREA MELDOLA;;;Scontro frontale/laterale SX fra veicoli in marcia;Intersezione stradale segnalata;Una carreggiata a doppio senso;Asciutto;Asfaltata;Verticale ed orizzontale;Sereno;Scarso;Buona;Ore Diurne;0;0;0;5;12.51103;41.82306;-1;2;Autovettura privata;In marcia / fermata / arresto;Passeggero;F;Illeso;0;;Utilizzato;Inesploso
2075281;12;02/06/2014 16:25;Strada Urbana;VIA TOMMASO ARCIDIACONO;all'intersezione con;VIA ANDREA MELDOLA;VIA ANDREA MELDOLA;;;Scontro frontale/laterale SX fra veicoli in marcia;Intersezione stradale segnalata;Una carreggiata a doppio senso;Asciutto;Asfaltata;Verticale ed orizzontale;Sereno;Scarso;Buona;Ore Diurne;0;0;0;5;12.51103;41.82306;-1;2;Autovettura privata;In marcia / fermata / arresto;Passeggero;F;Illeso;0;;Utilizzato;Inesistente
2075281;12;02/06/2014 16:25;Strada Urbana;VIA TOMMASO ARCIDIACONO;all'intersezione con;VIA ANDREA MELDOLA;VIA ANDREA MELDOLA;;;Scontro frontale/laterale SX fra veicoli in marcia;Intersezione stradale segnalata;Una carreggiata a doppio senso;Asciutto;Asfaltata;Verticale ed orizzontale;Sereno;Scarso;Buona;Ore Diurne;0;0;0;5;12.51103;41.82306;-1;2;Autovettura privata;In marcia / fermata / arresto;Passeggero;M;Illeso;0;;Utilizzato;Inesistente
2075284;1;02/06/2014 22:49;Strada Urbana;VIA NICOLA FABRIZI;all'intersezione con;VIALE TRENTA APRILE;VIALE TRENTA APRILE;;;Scontro frontale/laterale SX fra veicoli in marcia;Incrocio;Una carreggiata a doppio senso;Asciutto;Asfaltata;Verticale ed orizzontale;Sereno;Intenso;Sufficiente;Sufficiente;1;0;0;1;12.46513;41.88655;-1;1;Motociclo a solo;In marcia / fermata / arresto;Conducente;M;Rimandato;0;NON DECEDUTO;Non accertato;
2075284;1;02/06/2014 22:49;Strada Urbana;VIA NICOLA FABRIZI;all'intersezione con;VIALE TRENTA APRILE;VIALE TRENTA APRILE;;;Scontro frontale/laterale SX fra veicoli in marcia;Incrocio;Una carreggiata a doppio senso;Asciutto;Asfaltata;Verticale ed orizzontale;Sereno;Intenso;Sufficiente;Sufficiente;1;0;0;1;12.46513;41.88655;-1;2;Autovettura pubblica;In marcia / fermata / arresto;Conducente;M;Illeso;0;;Non accertato;Inesploso
2075301;12;02/06/2014 10:45;Strada Urbana;VIA LAURENTINA;all'intersezione con;VIA DI VALLERANO;VIA DI VALLERANO;;;Scontro frontale/laterale DX fra veicoli in marcia;Rotatoria;Una carreggiata a senso unico di marcia;Asciutto;Asfaltata;Verticale ed orizzontale;Sereno;Intenso;Buona;Ore Diurne;0;0;0;7;12.46164;41.78709;-1;1;Autovettura privata;In marcia / fermata / arresto;Conducente;M;Illeso;0;;Utilizzato;Inesploso
2075301;12;02/06/2014 10:45;Strada Urbana;VIA LAURENTINA;all'intersezione con;VIA DI VALLERANO;VIA DI VALLERANO;;;Scontro frontale/laterale DX fra veicoli in marcia;Rotatoria;Una carreggiata a senso unico di marcia;Asciutto;Asfaltata;Verticale ed orizzontale;Sereno;Intenso;Buona;Ore Diurne;0;0;0;7;12.46164;41.78709;-1;1;Autovettura privata;In marcia / fermata / arresto;Passeggero;F;Illeso;0;;Utilizzato;Inesploso
2075301;12;02/06/2014 10:45;Strada Urbana;VIA LAURENTINA;all'intersezione con;VIA DI VALLERANO;VIA DI VALLERANO;;;Scontro frontale/laterale DX fra veicoli in marcia;Rotatoria;Una carreggiata a senso unico di marcia;Asciutto;Asfaltata;Verticale ed orizzontale;Sereno;Intenso;Buona;Ore Diurne;0;0;0;7;12.46164;41.78709;-1;1;Autovettura privata;In marcia / fermata / arresto;Passeggero;M;Illeso;0;;Utilizzato;Inesploso
2075301;12;02/06/2014 10:45;Strada Urbana;VIA LAURENTINA;all'intersezione con;VIA DI VALLERANO;VIA DI VALLERANO;;;Scontro frontale/laterale DX fra veicoli in marcia;Rotatoria;Una carreggiata a senso unico di marcia;Asciutto;Asfaltata;Verticale ed orizzontale;Sereno;Intenso;Buona;Ore Diurne;0;0;0;7;12.46164;41.78709;-1;1;Autovettura privata;In marcia / fermata / arresto;Passeggero;M;Illeso;0;;Utilizzato;Inesploso
2075301;12;02/06/2014 10:45;Strada Urbana;VIA LAURENTINA;all'intersezione con;VIA DI VALLERANO;VIA DI VALLERANO;;;Scontro frontale/laterale DX fra veicoli in marcia;Rotatoria;Una carreggiata a senso unico di marcia;Asciutto;Asfaltata;Verticale ed orizzontale;Sereno;Intenso;Buona;Ore Diurne;0;0;0;7;12.46164;41.78709;-1;2;Autovettura privata;In marcia / fermata / arresto;Conducente;F;Illeso;0;;Utilizzato;Inesploso
2075301;12;02/06/2014 10:45;Strada Urbana;VIA LAURENTINA;all'intersezione con;VIA DI VALLERANO;VIA DI VALLERANO;;;Scontro frontale/laterale DX fra veicoli in marcia;Rotatoria;Una carreggiata a senso unico di marcia;Asciutto;Asfaltata;Verticale ed orizzontale;Sereno;Intenso;Buona;Ore Diurne;0;0;0;7;12.46164;41.78709;-1;2;Autovettura privata;In marcia / fermata / arresto;Passeggero;F;Illeso;0;;Utilizzato;Inesploso
2075306;1;02/06/2014 08:45;Strada Urbana;LUNGOTEVERE TOR DI NONA;all'intersezione semaforizzata con;PONTE UMBERTO I;PONTE UMBERTO I;;;Scontro laterale fra veicoli in marcia;Intersezione semaforizzata;Una carreggiata a senso unico di marcia;Asciutto;Asfaltata;Verticale ed orizzontale;Sereno;Scarso;Buona;Ore Diurne;0;0;0;3;12.47161;41.90214;-1;1;Autovettura privata;In marcia / fermata / arresto;Conducente;M;Illeso;0;;;
2075306;1;02/06/2014 08:45;Strada Urbana;LUNGOTEVERE TOR DI NONA;all'intersezione semaforizzata con;PONTE UMBERTO I;PONTE UMBERTO I;;;Scontro laterale fra veicoli in marcia;Intersezione semaforizzata;Una carreggiata a senso unico di marcia;Asciutto;Asfaltata;Verticale ed orizzontale;Sereno;Scarso;Buona;Ore Diurne;0;0;0;3;12.47161;41.90214;-1;1;Autovettura privata;In marcia / fermata / arresto;Passeggero;F;Illeso;0;;;
2075306;1;02/06/2014 08:45;Strada Urbana;LUNGOTEVERE TOR DI NONA;all'intersezione semaforizzata con;PONTE UMBERTO I;PONTE UMBERTO I;;;Scontro laterale fra veicoli in marcia;Intersezione semaforizzata;Una carreggiata a senso unico di marcia;Asciutto;Asfaltata;Verticale ed orizzontale;Sereno;Scarso;Buona;Ore Diurne;0;0;0;3;12.47161;41.90214;-1;2;Autovettura di polizia;In marcia / fermata / arresto;Conducente;M;Illeso;0;;;
2075336;1;02/06/2014 17:00;Strada Urbana;LUNGOTEVERE DEI TEBALDI;in prossimità;;del civico n.;15;;Veicolo in marcia contro veicoli in sosta;Rettilineo;Una carreggiata a senso unico di marcia;Asciutto;Asfaltata;Assente;Sereno;Normale;Buona;Ore Diurne;0;0;0;3;12.4686504;41.8948541;-1;1;Autovettura privata;In marcia / fermata / arresto;Conducente;M;Illeso;0;;Non accertato;
2075336;1;02/06/2014 17:00;Strada Urbana;LUNGOTEVERE DEI TEBALDI;in prossimità;;del civico n.;15;;Veicolo in marcia contro veicoli in sosta;Rettilineo;Una carreggiata a senso unico di marcia;Asciutto;Asfaltata;Assente;Sereno;Normale;Buona;Ore Diurne;0;0;0;3;12.4686504;41.8948541;-1;1;Autovettura privata;In marcia / fermata / arresto;Passeggero;F;Illeso;0;;Non accertato;
2075336;1;02/06/2014 17:00;Strada Urbana;LUNGOTEVERE DEI TEBALDI;in prossimità;;del civico n.;15;;Veicolo in marcia contro veicoli in sosta;Rettilineo;Una carreggiata a senso unico di marcia;Asciutto;Asfaltata;Assente;Sereno;Normale;Buona;Ore Diurne;0;0;0;3;12.4686504;41.8948541;-1;2;Autovettura pubblica;In marcia / fermata / arresto;Conducente;M;Illeso;0;;Non accertato;