Protocollo;Gruppo;DataOraIncidente;Localizzazione1;STRADA1;Localizzazione2;STRADA2;Strada02;Chilometrica;DaSpecificare;NaturaIncidente;particolaritastrade;TipoStrada;FondoStradale;Pavimentazione;Segnaletica;CondizioneAtmosferica;Traffico;Visibilita;Illuminazione;NUM_FERITI;NUM_RISERVATA;NUM_MORTI;NUM_ILLESI;Longitudine;Latitudine;Confermato;Progressivo;TipoVeicolo;StatoVeicolo;TipoPersona;Sesso;Tipolesione;Deceduto;DecedutoDopo;CinturaCascoUtilizzato;Airbag
2077331;12;05/06/2014 07:20;Strada Urbana;VIALE CAMILLO SABATINI;in prossimità;;del civico n.;174;;Investimento di pedone;Rettilineo;Una carreggiata a doppio senso;Asciutto;Asfaltata;Verticale ed orizzontale;Sereno;Normale;Buona;Ore Diurne;2;0;0;0;12.43842;41.81692;-1;1;Motociclo a solo;In marcia / fermata / arresto;Conducente;M;Rimandato;0;NON DECEDUTO;Utilizzato;
2077337;18;04/06/2014 18:15;Statale;VIA AURELIA;da specificare;;;;svincolo GRA direzione Civitavecchia;Tamponamento;Rettilineo;Due carreggiate;Asciutto;Asfaltata;Verticale ed orizzontale;Sereno;Intenso;Buona;Ore Diurne;0;0;0;3;12.38317;41.88538;-1;1;Autocarro superiore 35 q.;In marcia / fermata / arresto;Conducente;M;Illeso;0;;Non accertato;Inesploso
2077337;18;04/06/2014 18:15;Statale;VIA AURELIA;da specificare;;;;svincolo GRA direzione Civitavecchia;Tamponamento;Rettilineo;Due carreggiate;Asciutto;Asfaltata;Verticale ed orizzontale;Sereno;Intenso;Buona;Ore Diurne;0;0;0;3;12.38317;41.88538;-1;2;Autovettura privata;In marcia / fermata / arresto;Conducente;M;Illeso;0;;Non accertato;Inesploso
2077337;18;04/06/2014 18:15;Statale;VIA AURELIA;da specificare;;;;svincolo GRA direzione Civitavecchia;Tamponamento;Rettilineo;Due carreggiate;Asciutto;Asfaltata;Verticale ed orizzontale;Sereno;Intenso;Buona;Ore Diurne;0;0;0;3;12.38317;41.88538;-1;2;Autovettura privata;In marcia / fermata / arresto;Passeggero;F;Illeso;0;;Non accertato;Inesploso
2077407;18;04/06/2014 18:50;Strada Urbana;VIA MATTIA BATTISTINI;in prossimità;;del civico n.;122;;Scontro laterale fra veicoli in marcia;Rettilineo;Una carreggiata a doppio senso;Asciutto;Asfaltata;Verticale ed orizzontale;Sereno;Normale;Buona;Ore Diurne;0;0;0;3;12.41665;41.90759;-1;1;Motociclo con passeggero;In marcia / fermata / arresto;Conducente;M;Illeso;0;;Non accertato;
2077407;18;04/06/2014 18:50;Strada Urbana;VIA MATTIA BATTISTINI;in prossimità;;del civico n.;122;;Scontro laterale fra veicoli in marcia;Rettilineo;Una carreggiata a doppio senso;Asciutto;Asfaltata;Verticale ed orizzontale;Sereno;Normale;Buona;Ore Diurne;0;0;0;3;12.41665;41.90759;-1;1;Motociclo con passeggero;In marcia / fermata / arresto;Passeggero;M;Illeso;0;;Non accertato;
2077407;18;04/06/2014 18:50;Strada Urbana;VIA MATTIA BATTISTINI;in prossimità;;del civico n.;122;;Scontro laterale fra veicoli in marcia;Rettilineo;Una carreggiata a doppio senso;Asciutto;Asfaltata;Verticale ed orizzontale;Sereno;Normale;Buona;Ore Diurne;0;0;0;3;12.41665;41.90759;-1;2;Autovettura privata;In marcia / fermata / arresto;Conducente;M;Illeso;0;;Non accertato;Inesploso
2077422;10;05/06/2014 15:45;Provinciale entro l'abitato;VIA TUSCOLANA;in prossimità;;del civico n.;689/B;;Scontro frontale/laterale SX fra veicoli in marcia;Rettilineo;Due carreggiate;Asciutto;Asfaltata;Verticale;Sereno;Normale;Buona;Ore Diurne;0;0;0;3;12.55362;41.86178;-1;1;Autovettura privata;In marcia / fermata / arresto;Conducente;M;Illeso;0;;Non accertato;Inesploso
2077422;10;05/06/2014 15:45;Provinciale entro l'abitato;VIA TUSCOLANA;in prossimità;;del civico n.;689/B;;Scontro frontale/laterale SX fra veicoli in marcia;Rettilineo;Due carreggiate;Asciutto;Asfaltata;Verticale;Sereno;Normale;Buona;Ore Diurne;0;0;0;3;12.55362;41.86178;-1;1;Autovettura privata;In marcia / fermata / arresto;Passeggero;M;Illeso;0;;Non accertato;Inesploso
2077422;10;05/06/2014 15:45;Provinciale entro l'abitato;VIA TUSCOLANA;in prossimità;;del civico n.;689/B;;Scontro frontale/laterale SX fra veicoli in marcia;Rettilineo;Due carreggiate;Asciutto;Asfaltata;Verticale;Sereno;Normale;Buona;Ore Diurne;0;0;0;3;12.55362;41.86178;-1;2;Autovettura privata;In marcia / fermata / arresto;Conducente;M;Illeso;0;;Non accertato;Inesploso
2077486;18;05/06/2014 10:00;Strada Urbana;PIAZZA DI VILLA CARPEGNA;all'intersezione semaforizzata con;CIRCONVALLAZIONE AURELIA;CIRCONVALLAZIONE AURELIA;;;Tamponamento;Intersezione semaforizzata;Più di due carreggiate;Asciutto;Asfaltata;Verticale ed orizzontale;Sereno;Intenso;Buona;Ore Diurne;1;0;0;5;12.42885;41.89577;-1;1;Autobus turistico;In marcia / fermata / arresto;Conducente;M;Illeso;0;;Non accertato;Inesploso
2077486;18;05/06/2014 10:00;Strada Urbana;PIAZZA DI VILLA CARPEGNA;all'intersezione semaforizzata con;CIRCONVALLAZIONE AURELIA;CIRCONVALLAZIONE AURELIA;;;Tamponamento;Intersezione semaforizzata;Più di due carreggiate;Asciutto;Asfaltata;Verticale ed orizzontale;Sereno;Intenso;Buona;Ore Diurne;1;0;0;5;12.42885;41.89577;-1;1;Autobus turistico;In marcia / fermata / arresto;Passeggero;F;Illeso;0;;Utilizzato;Inesploso
2077486;18;05/06/2014 10:00;Strada Urbana;PIAZZA DI VILLA CARPEGNA;all'intersezione semaforizzata con;CIRCONVALLAZIONE AURELIA;CIRCONVALLAZIONE AURELIA;;;Tamponamento;Intersezione semaforizzata;Più di due carreggiate;Asciutto;Asfaltata;Verticale ed orizzontale;Sereno;Intenso;Buona;Ore Diurne;1;0;0;5;12.42885;41.89577;-1;1;Autobus turistico;In marcia / fermata / arresto;Passeggero;F;Rimandato;0;NON DECEDUTO;Non utilizzato;Inesploso
2077486;18;05/06/2014 10:00;Strada Urbana;PIAZZA DI VILLA CARPEGNA;all'intersezione semaforizzata con;CIRCONVALLAZIONE AURELIA;CIRCONVALLAZIONE AURELIA;;;Tamponamento;Intersezione semaforizzata;Più di due carreggiate;Asciutto;Asfaltata;Verticale ed orizzontale;Sereno;Intenso;Buona;Ore Diurne;1;0;0;5;12.42885;41.89577;-1;1;Autobus turistico;In marcia / fermata / arresto;Passeggero;F;Illeso;0;;Utilizzato;Inesploso
2077486;18;05/06/2014 10:00;Strada Urbana;PIAZZA DI VILLA CARPEGNA;all'intersezione semaforizzata con;CIRCONVALLAZIONE AURELIA;CIRCONVALLAZIONE AURELIA;;;Tamponamento;Intersezione semaforizzata;Più di due carreggiate;Asciutto;Asfaltata;Verticale ed orizzontale;Sereno;Intenso;Buona;Ore Diurne;1;0;0;5;12.42885;41.89577;-1;1;Autobus turistico;In marcia / fermata / arresto;Passeggero;F;Illeso;0;;Utilizzato;Inesploso
2077486;18;05/06/2014 10:00;Strada Urbana;PIAZZA DI VILLA CARPEGNA;all'intersezione semaforizzata con;CIRCONVALLAZIONE AURELIA;CIRCONVALLAZIONE AURELIA;;;Tamponamento;Intersezione semaforizzata;Più di due carreggiate;Asciutto;Asfaltata;Verticale ed orizzontale;Sereno;Intenso;Buona;Ore Diurne;1;0;0;5;12.42885;41.89577;-1;2;Autovettura privata;In marcia / fermata / arresto;Conducente;F;Illeso;0;;Utilizzato;Inesploso
2077555;16;04/06/2014 16:00;Strada Urbana;VIA DELLA PISANA;in corrispondenza;;del civico n.;219;;Tamponamento Multiplo;Rettilineo;Una carreggiata a doppio senso;Asciutto;Asfaltata;Verticale ed orizzontale;Sereno;Normale;Buona;Ore Diurne;0;0;0;3;12.4162526;41.8786682;-1;1;Autovettura privata;In marcia / fermata / arresto;Conducente;M;Illeso;0;;Non accertato;
2077555;16;04/06/2014 16:00;Strada Urbana;VIA DELLA PISANA;in corrispondenza;;del civico n.;219;;Tamponamento Multiplo;Rettilineo;Una carreggiata a doppio senso;Asciutto;Asfaltata;Verticale ed orizzontale;Sereno;Normale;Buona;Ore Diurne;0;0;0;3;12.4162526;41.8786682;-1;2;Autovettura privata;In marcia / fermata / arresto;Conducente;M;Illeso;0;;Non accertato;
2077555;16;04/06/2014 16:00;Strada Urbana;VIA DELLA PISANA;in corrispondenza;;del civico n.;219;;Tamponamento Multiplo;Rettilineo;Una carreggiata a doppio senso;Asciutto;Asfaltata;Verticale ed orizzontale;Sereno;Normale;Buona;Ore Diurne;0;0;0;3;12.4162526;41.8786682;-1;3;Autovettura privata;In marcia / fermata / arresto;Conducente;F;Illeso;0;;Non accertato;
2077561;16;05/06/2014 09:30;Strada Urbana;VIA DI BRAVETTA;in corrispondenza;;del civico n.;415;;Scontro frontale/laterale SX fra veicoli in marcia;Rettilineo;Una carreggiata a doppio senso;Asciutto;Asfaltata;Orizzontale;Sereno;Normale;Buona;Ore Diurne;1;0;0;2;12.423913;41.8748533;-1;1;Autovettura privata;In marcia / fermata / arresto;Conducente;M;Illeso;0;;Non accertato;
2077561;16;05/06/2014 09:30;Strada Urbana;VIA DI BRAVETTA;in corrispondenza;;del civico n.;415;;Scontro frontale/laterale SX fra veicoli in marcia;Rettilineo;Una carreggiata a doppio senso;Asciutto;Asfaltata;Orizzontale;Sereno;Normale;Buona;Ore Diurne;1;0;0;2;12.423913;41.8748533;-1;1;Autovettura privata;In marcia / fermata / arresto;Passeggero;F;Illeso;0;;Non accertato;
2077561;16;05/06/2014 09:30;Strada Urbana;VIA DI BRAVETTA;in corrispondenza;;del civico n.;415;;Scontro frontale/laterale SX fra veicoli in marcia;Rettilineo;Una carreggiata a doppio senso;Asciutto;Asfaltata;Orizzontale;Sereno;Normale;Buona;Ore Diurne;1;0;0;2;12.423913;41.8748533;-1;2;Ciclomotore;In marcia / fermata / arresto;Conducente;M;Rimandato;0;NON DECEDUTO;Non accertato;
2077605;19;05/06/2014 18:30;Strada Urbana;VIA DELLA BALDUINA;all'intersezione con;VIA ATTILIO FRIGGERI;VIA ATTILIO FRIGGERI;;;Investimento di pedone;Intersezione stradale segnalata;Una carreggiata a doppio senso;Asciutto;Asfaltata;Orizzontale;Sereno;Normale;Buona;Ore Diurne;1;0;0;1;12.44037;41.92068;-1;;;;Pedone;F;Rimandato;0;NON DECEDUTO;;
2077605;19;05/06/2014 18:30;Strada Urbana;VIA DELLA BALDUINA;all'intersezione con;VIA ATTILIO FRIGGERI;VIA ATTILIO FRIGGERI;;;Investimento di pedone;Intersezione stradale segnalata;Una carreggiata a doppio senso;Asciutto;Asfaltata;Orizzontale;Sereno;Normale;Buona;Ore Diurne;1;0;0;1;12.44037;41.92068;-1;1;Autovettura privata;In marcia / fermata / arresto;Conducente;M;Illeso;0;;Non accertato;Inesploso
2077607;15;05/06/2014 14:05;Strada Urbana;VIA DELLA MAGLIANA;in prossimità;;del civico n.;76;;Veicolo in marcia contro ostacolo accidentale;Rettilineo;Una carreggiata a doppio senso;Asciutto;Asfaltata;Verticale ed orizzontale;Sereno;Normale;Buona;Ore Diurne;1;0;0;0;12.4589305;41.8570782;-1;1;Motociclo a solo;In marcia / fermata / arresto;Conducente;M;Rimandato;0;NON DECEDUTO;Utilizzato;Inesistente
2077699;11;05/06/2014 12:00;Strada Urbana;VIA SIMONE MARTINI;in corrispondenza;;del civico n.;34;;Scontro frontale/laterale DX fra veicoli in marcia;Rettilineo;Una carreggiata a doppio senso;Asciutto;Asfaltata;Verticale;Sereno;Normale;Buona;Ore Diurne;1;0;0;1;12.4881955;41.8294899;-1;1;Autovettura privata;In marcia / fermata / arresto;Conducente;M;Illeso;0;;Non accertato;
2077699;11;05/06/2014 12:00;Strada Urbana;VIA SIMONE MARTINI;in corrispondenza;;del civico n.;34;;Scontro frontale/laterale DX fra veicoli in marcia;Rettilineo;Una carreggiata a doppio senso;Asciutto;Asfaltata;Verticale;Sereno;Normale;Buona;Ore Diurne;1;0;0;1;12.4881955;41.8294899;-1;2;Motociclo a solo;In marcia / fermata / arresto;Conducente;M;Ricoverato;0;NON DECEDUTO;;
2077707;11;05/06/2014 15:45;Strada Urbana;VIALE GUGLIELMO MARCONI;da specificare;;;;prossimità via Caduti senza Croce;Scontro laterale fra veicoli in marcia;Rettilineo;Due carreggiate;Asciutto;Asfaltata;Verticale ed orizzontale;Sereno;Normale;Buona;Ore Diurne;1;0;0;1;12.47384;41.85118;-1;1;Ciclomotore;In marcia / fermata / arresto;Conducente;M;Rimandato;0;NON DECEDUTO;Non accertato;
2077707;11;05/06/2014 15:45;Strada Urbana;VIALE GUGLIELMO MARCONI;da specificare;;;;prossimità via Caduti senza Croce;Scontro laterale fra veicoli in marcia;Rettilineo;Due carreggiate;Asciutto;Asfaltata;Verticale ed orizzontale;Sereno;Normale;Buona;Ore Diurne;1;0;0;1;12.47384;41.85118;-1;2;Autovettura privata;In marcia / fermata / arresto;Conducente;F;Illeso;0;;Non accertato;
2077775;2;06/06/2014 09:50;Strada Urbana;LUNGOTEVERE FLAMINIO;in prossimità;;del civico n.;87;;Scontro frontale/laterale SX fra veicoli in marcia;Rettilineo;Una carreggiata a doppio senso;Asciutto;Asfaltata;Verticale ed orizzontale;Sereno;Scarso;Buona;Ore Diurne;0;0;0;2;12.4615495;41.9295955;-1;1;Autovettura privata;In marcia / fermata / arresto;Conducente;M;Illeso;0;;Non accertato;Inesploso
2077775;2;06/06/2014 09:50;Strada Urbana;LUNGOTEVERE FLAMINIO;in prossimità;;del civico n.;87;;Scontro frontale/laterale SX fra veicoli in marcia;Rettilineo;Una carreggiata a doppio senso;Asciutto;Asfaltata;Verticale ed orizzontale;Sereno;Scarso;Buona;Ore Diurne;0;0;0;2;12.4615495;41.9295955;-1;2;Autovettura privata;In marcia / fermata / arresto;Conducente;M;Illeso;0;;Non accertato;Inesploso
2077822;13;05/06/2014 09:45;Strada Urbana;VIA SOFOCLE;all'intersezione con;VIA ECATEO DI MILETO;VIA ECATEO DI MILETO;;;Scontro frontale/laterale DX fra veicoli in marcia;Incrocio;Una carreggiata a doppio senso;Asciutto;Asfaltata;Orizzontale;Sereno;Scarso;Buona;Ore Diurne;1;0;0;0;12.36407;41.76807;-1;1;Autovettura privata;In marcia / fermata / arresto;Conducente;M;Rimandato;0;NON DECEDUTO;Non accertato;Inesistente
2077826;6;06/06/2014 13:00;Provinciale entro l'abitato;VIA PRENESTINA;in corrispondenza;;del civico n.;85;;Veicolo in marcia contro veicolo arresto;Rettilineo;Più di due carreggiate;Asciutto;Asfaltata;Verticale ed orizzontale;Sereno;Normale;Buona;Ore Diurne;5;0;0;2;12.5313528;41.8921239;-1;1;Vettura tranviaria;In marcia / fermata / arresto;Conducente;M;Illeso;0;;Esente;
2077826;6;06/06/2014 13:00;Provinciale entro l'abitato;VIA PRENESTINA;in corrispondenza;;del civico n.;85;;Veicolo in marcia contro veicolo arresto;Rettilineo;Più di due carreggiate;Asciutto;Asfaltata;Verticale ed orizzontale;Sereno;Normale;Buona;Ore Diurne;5;0;0;2;12.5313528;41.8921239;-1;1;Vettura tranviaria;In marcia / fermata / arresto;Passeggero;F;Rifiuta cure immediate;0;NON DECEDUTO;Esente;
2077826;6;06/06/2014 13:00;Provinciale entro l'abitato;VIA PRENESTINA;in corrispondenza;;del civico n.;85;;Veicolo in marcia contro veicolo arresto;Rettilineo;Più di due carreggiate;Asciutto;Asfaltata;Verticale ed orizzontale;Sereno;Normale;Buona;Ore Diurne;5;0;0;2;12.5313528;41.8921239;-1;1;Vettura tranviaria;In marcia / fermata / arresto;Passeggero;F;Rifiuta cure immediate;0;NON DECEDUTO;Esente;
2077826;6;06/06/2014 13:00;Provinciale entro l'abitato;VIA PRENESTINA;in corrispondenza;;del civico n.;85;;Veicolo in marcia contro veicolo arresto;Rettilineo;Più di due carreggiate;Asciutto;Asfaltata;Verticale ed orizzontale;Sereno;Normale;Buona;Ore Diurne;5;0;0;2;12.5313528;41.8921239;-1;2;Vettura tranviaria;In marcia / fermata / arresto;Conducente;M;Illeso;0;;Esente;
2077826;6;06/06/2014 13:00;Provinciale entro l'abitato;VIA PRENESTINA;in corrispondenza;;del civico n.;85;;Veicolo in marcia contro veicolo arresto;Rettilineo;Più di due carreggiate;Asciutto;Asfaltata;Verticale ed orizzontale;Sereno;Normale;Buona;Ore Diurne;5;0;0;2;12.5313528;41.8921239;-1;2;Vettura tranviaria;In marcia / fermata / arresto;Passeggero;M;Rifiuta cure immediate;0;NON DECEDUTO;Esente;
2077826;6;06/06/2014 13:00;Provinciale entro l'abitato;VIA PRENESTINA;in corrispondenza;;del civico n.;85;;Veicolo in marcia contro veicolo arresto;Rettilineo;Più di due carreggiate;Asciutto;Asfaltata;Verticale ed orizzontale;Sereno;Normale;Buona;Ore Diurne;5;0;0;2;12.5313528;41.8921239;-1;2;Vettura tranviaria;In marcia / fermata / arresto;Passeggero;F;Rimandato;0;NON DECEDUTO;Esente;
2077826;6;06/06/2014 13:00;Provinciale entro l'abitato;VIA PRENESTINA;in corrispondenza;;del civico n.;85;;Veicolo in marcia contro veicolo arresto;Rettilineo;Più di due carreggiate;Asciutto;Asfaltata;Verticale ed orizzontale;Sereno;Normale;Buona;Ore Diurne;5;0;0;2;12.5313528;41.8921239;-1;2;Vettura tranviaria;In marcia / fermata / arresto;Passeggero;F;Rifiuta cure immediate;0;NON DECEDUTO;Esente;
2077831;4;05/06/2014 13:30;Strada Urbana;VIA DI SETTEBAGNI;all'intersezione con;VIA WANDA CAPODAGLIO;VIA WANDA CAPODAGLIO;;;Tamponamento;Incrocio;Una carreggiata a doppio senso;Asciutto;Asfaltata;Verticale ed orizzontale;Sereno;Normale;Buona;Ore Diurne;1;0;0;1;12.53384;41.97809;-1;1;Autovettura privata;In marcia / fermata / arresto;Conducente;M;Illeso;0;;Non accertato;
2077831;4;05/06/2014 13:30;Strada Urbana;VIA DI SETTEBAGNI;all'intersezione con;VIA WANDA CAPODAGLIO;VIA WANDA CAPODAGLIO;;;Tamponamento;Incrocio;Una carreggiata a doppio senso;Asciutto;Asfaltata;Verticale ed orizzontale;Sereno;Normale;Buona;Ore Diurne;1;0;0;1;12.53384;41.97809;-1;2;Autovettura privata;In marcia / fermata / arresto;Conducente;F;Rimandato;0;NON DECEDUTO;Non accertato;
2077832;4;05/06/2014 07:45;Strada Urbana;VIA DEI PRATI FISCALI;in corrispondenza;;del civico n.;15;;Investimento di pedone;Rettilineo;Due carreggiate;Asciutto;Asfaltata;Orizzontale;Sereno;Normale;Buona;Ore Diurne;1;0;0;1;12.52383;41.94602;-1;;;;Pedone;F;Rimandato;0;NON DECEDUTO;;
2077832;4;05/06/2014 07:45;Strada Urbana;VIA DEI PRATI FISCALI;in corrispondenza;;del civico n.;15;;Investimento di pedone;Rettilineo;Due carreggiate;Asciutto;Asfaltata;Orizzontale;Sereno;Normale;Buona;Ore Diurne;1;0;0;1;12.52383;41.94602;-1;1;Autovettura privata;In marcia / fermata / arresto;Conducente;M;Illeso;0;;Non accertato;Inesploso
2077852;12;06/06/2014 12:30;Strada Urbana;VIA FIUME GIALLO;all'intersezione con;VIA PAGODA BIANCA;VIA PAGODA BIANCA;;;Scontro laterale fra veicoli in marcia;Incrocio;Una carreggiata a doppio senso;Asciutto;Asfaltata;Verticale ed orizzontale;Sereno;Scarso;Buona;Ore Diurne;0;0;0;2;12.43114;41.81137;-1;1;Autovettura privata;In marcia / fermata / arresto;Conducente;M;Illeso;0;;Utilizzato;Inesploso
2077852;12;06/06/2014 12:30;Strada Urbana;VIA FIUME GIALLO;all'intersezione con;VIA PAGODA BIANCA;VIA PAGODA BIANCA;;;Scontro laterale fra veicoli in marcia;Incrocio;Una carreggiata a doppio senso;Asciutto;Asfaltata;Verticale ed orizzontale;Sereno;Scarso;Buona;Ore Diurne;0;0;0;2;12.43114;41.81137;-1;2;Autovettura privata;In marcia / fermata / arresto;Conducente;F;Illeso;0;;Utilizzato;Inesploso
2077886;4;06/06/2014 10:30;Strada Urbana;VIA UGO OJETTI;in corrispondenza;;del civico n.;19;;Tamponamento;Rettilineo;Due carreggiate;Asciutto;Asfaltata;Verticale ed orizzontale;Sereno;Normale;Buona;Ore Diurne;0;0;0;3;12.54858;41.944;-1;1;Autovettura privata;In marcia / fermata / arresto;Conducente;F;Illeso;0;;Non accertato;Inesploso
2077886;4;06/06/2014 10:30;Strada Urbana;VIA UGO OJETTI;in corrispondenza;;del civico n.;19;;Tamponamento;Rettilineo;Due carreggiate;Asciutto;Asfaltata;Verticale ed orizzontale;Sereno;Normale;Buona;Ore Diurne;0;0;0;3;12.54858;41.944;-1;1;Autovettura privata;In marcia / fermata / arresto;Passeggero;F;Illeso;0;;Non accertato;Inesploso
2077886;4;06/06/2014 10:30;Strada Urbana;VIA UGO OJETTI;in corrispondenza;;del civico n.;19;;Tamponamento;Rettilineo;Due carreggiate;Asciutto;Asfaltata;Verticale ed orizzontale;Sereno;Normale;Buona;Ore Diurne;0;0;0;3;12.54858;41.944;-1;2;Autovettura privata;In marcia / fermata / arresto;Conducente;F;Illeso;0;;Non accertato;Inesploso
2077891;4;06/06/2014 13:30;Strada Urbana;VIA MONTE CERVIALTO;all'intersezione con;VIA ETTORE SACCHI;VIA ETTORE SACCHI;;;Scontro laterale fra veicoli in marcia;Intersezione semaforizzata;Più di due carreggiate;Asciutto;Asfaltata;Verticale ed orizzontale;Sereno;Scarso;Buona;Ore Diurne;0;0;0;2;12.52321;41.95411;-1;1;Autovettura privata;In marcia / fermata / arresto;Conducente;M;Illeso;0;;Non accertato;Inesploso
2077891;4;06/06/2014 13:30;Strada Urbana;VIA MONTE CERVIALTO;all'intersezione con;VIA ETTORE SACCHI;VIA ETTORE SACCHI;;;Scontro laterale fra veicoli in marcia;Intersezione semaforizzata;Più di due carreggiate;Asciutto;Asfaltata;Verticale ed orizzontale;Sereno;Scarso;Buona;Ore Diurne;0;0;0;2;12.52321;41.95411;-1;2;Motociclo a solo;In marcia / fermata / arresto;Conducente;M;Illeso;0;;Non accertato;
2077893;4;06/06/2014 11:00;Strada Urbana;VIA UGO DELLA SETA;da specificare;;;;prossimità fermata ATAC 73761;Scontro laterale fra veicoli in marcia;Rettilineo;Una carreggiata a doppio senso;Asciutto;Asfaltata;Verticale ed orizzontale;Sereno;Normale;Buona;Ore Diurne;1;0;0;1;12.52526;41.96127;-1;1;Autovettura privata;In marcia / fermata / arresto;Conducente;F;Illeso;0;;Non accertato;Inesploso
2077893;4;06/06/2014 11:00;Strada Urbana;VIA UGO DELLA SETA;da specificare;;;;prossimità fermata ATAC 73761;Scontro laterale fra veicoli in marcia;Rettilineo;Una carreggiata a doppio senso;Asciutto;Asfaltata;Verticale ed orizzontale;Sereno;Normale;Buona;Ore Diurne;1;0;0;1;12.52526;41.96127;-1;2;Motociclo a solo;In marcia / fermata / arresto;Conducente;M;Rimandato;0;NON DECEDUTO;Non accertato;
2077894;4;05/06/2014 11:25;Statale entro l'abitato;VIA NOMENTANA NUOVA;in prossimità;;del civico n.;17;;Tamponamento;Rettilineo;Due carreggiate;Asciutto;Asfaltata;Verticale ed orizzontale;Sereno;Intenso;Buona;Ore Diurne;1;0;0;2;12.53004;41.93363;-1;1;Autocarro inferiore 35 q.;In marcia / fermata / arresto;Conducente;M;Illeso;0;;Non accertato;Inesploso
2077894;4;05/06/2014 11:25;Statale entro l'abitato;VIA NOMENTANA NUOVA;in prossimità;;del civico n.;17;;Tamponamento;Rettilineo;Due carreggiate;Asciutto;Asfaltata;Verticale ed orizzontale;Sereno;Intenso;Buona;Ore Diurne;1;0;0;2;12.53004;41.93363;-1;1;Autocarro inferiore 35 q.;In marcia / fermata / arresto;Passeggero;M;Illeso;0;;Non accertato;Inesploso
2077894;4;05/06/2014 11:25;Statale entro l'abitato;VIA NOMENTANA NUOVA;in prossimità;;del civico n.;17;;Tamponamento;Rettilineo;Due carreggiate;Asciutto;Asfaltata;Verticale ed orizzontale;Sereno;Intenso;Buona;Ore Diurne;1;0;0;2;12.53004;41.93363;-1;2;Motociclo a solo;In marcia / fermata / arresto;Conducente;M;Rimandato;0;NON DECEDUTO;Non accertato;
2077896;4;05/06/2014 07:30;Strada Urbana;VIA IVANOE BONOMI;da specificare;;;;prossimità via Monte Crevialto;Veicolo in marcia contro veicolo in sosta;Rettilineo;Una carreggiata a doppio senso;Asciutto;Asfaltata;Assente;Sereno;Intenso;Buona;Ore Diurne;0;0;0;1;12.52235;41.94972;-1;2;Autovettura privata;In marcia / fermata / arresto;Conducente;M;Illeso;0;;Non accertato;
2077897;4;05/06/2014 07:35;Statale entro l'abitato;VIA SALARIA;in prossimità;;della chilometrica;12;;Tamponamento;Rettilineo;Due carreggiate;Asciutto;Asfaltata;Verticale ed orizzontale;Sereno;Intenso;Sufficiente;Ore Diurne;1;0;0;2;12.51693;41.99645;-1;1;Motociclo con passeggero;In marcia / fermata / arresto;Conducente;M;Rimandato;0;NON DECEDUTO;Non accertato;
2077897;4;05/06/2014 07:35;Statale entro l'abitato;VIA SALARIA;in prossimità;;della chilometrica;12;;Tamponamento;Rettilineo;Due carreggiate;Asciutto;Asfaltata;Verticale ed orizzontale;Sereno;Intenso;Sufficiente;Ore Diurne;1;0;0;2;12.51693;41.99645;-1;1;Motociclo con passeggero;In marcia / fermata / arresto;Passeggero;M;Illeso;0;;Utilizzato;
2077897;4;05/06/2014 07:35;Statale entro l'abitato;VIA SALARIA;in prossimità;;della chilometrica;12;;Tamponamento;Rettilineo;Due carreggiate;Asciutto;Asfaltata;Verticale ed orizzontale;Sereno;Intenso;Sufficiente;Ore Diurne;1;0;0;2;12.51693;41.99645;-1;2;Autobus di linea;In marcia / fermata / arresto;Conducente;M;Illeso;0;;Non accertato;Inesploso
2078007;8;05/06/2014 16:45;Strada Urbana;VIA MARIO PASTORE;all'intersezione con;VIA GIUSEPPE MARRAZZO;VIA GIUSEPPE MARRAZZO;;;Scontro laterale fra veicoli in marcia;Incrocio;Una carreggiata a senso unico di marcia;Asciutto;Asfaltata;Verticale ed orizzontale;Sereno;Normale;Buona;Ore Diurne;0;0;0;6;12.6063;41.85079;-1;1;Autovettura privata;In marcia / fermata / arresto;Conducente;M;Illeso;0;;Non accertato;Inesploso
2078007;8;05/06/2014 16:45;Strada Urbana;VIA MARIO PASTORE;all'intersezione con;VIA GIUSEPPE MARRAZZO;VIA GIUSEPPE MARRAZZO;;;Scontro laterale fra veicoli in marcia;Incrocio;Una carreggiata a senso unico di marcia;Asciutto;Asfaltata;Verticale ed orizzontale;Sereno;Normale;Buona;Ore Diurne;0;0;0;6;12.6063;41.85079;-1;1;Autovettura privata;In marcia / fermata / arresto;Passeggero;M;Illeso;0;;Non accertato;Inesploso
2078007;8;05/06/2014 16:45;Strada Urbana;VIA MARIO PASTORE;all'intersezione con;VIA GIUSEPPE MARRAZZO;VIA GIUSEPPE MARRAZZO;;;Scontro laterale fra veicoli in marcia;Incrocio;Una carreggiata a senso unico di marcia;Asciutto;Asfaltata;Verticale ed orizzontale;Sereno;Normale;Buona;Ore Diurne;0;0;0;6;12.6063;41.85079;-1;2;Autovettura privata;In marcia / fermata / arresto;Conducente;M;Illeso;0;;Non accertato;Inesploso