Protocollo;Gruppo;DataOraIncidente;Localizzazione1;STRADA1;Localizzazione2;STRADA2;Strada02;Chilometrica;DaSpecificare;NaturaIncidente;particolaritastrade;TipoStrada;FondoStradale;Pavimentazione;Segnaletica;CondizioneAtmosferica;Traffico;Visibilita;Illuminazione;NUM_FERITI;NUM_RISERVATA;NUM_MORTI;NUM_ILLESI;Longitudine;Latitudine;Confermato;Progressivo;TipoVeicolo;StatoVeicolo;TipoPersona;Sesso;Tipolesione;Deceduto;DecedutoDopo;CinturaCascoUtilizzato;Airbag
2078392;10;05/06/2014 12:25;Strada Urbana;PIAZZA QUINTO CURZIO;in corrispondenza;;del civico n.;15;;Scontro laterale fra veicoli in marcia;Curva a visuale libera;Una carreggiata a senso unico di marcia;Asciutto;Asfaltata;Verticale ed orizzontale;Sereno;Normale;Buona;Ore Diurne;0;0;0;3;12.56866;41.85598;-1;1;Autovettura privata;In marcia / fermata / arresto;Passeggero;M;Illeso;0;;Non accertato;Inesploso
2078392;10;05/06/2014 12:25;Strada Urbana;PIAZZA QUINTO CURZIO;in corrispondenza;;del civico n.;15;;Scontro laterale fra veicoli in marcia;Curva a visuale libera;Una carreggiata a senso unico di marcia;Asciutto;Asfaltata;Verticale ed orizzontale;Sereno;Normale;Buona;Ore Diurne;0;0;0;3;12.56866;41.85598;-1;2;Autocarro inferiore 35 q.;In marcia / fermata / arresto;Conducente;M;Illeso;0;;Non accertato;Inesploso
2078393;10;05/06/2014 18:20;Strada Urbana;VIA VINCENZO GIUDICE;da specificare;;;;parcheggio anagnina ;Investimento di pedone;Rettilineo;Una carreggiata a senso unico di marcia;Asciutto;Asfaltata;Assente;Sereno;Scarso;Buona;Ore Diurne;1;0;0;1;12.58588;41.84534;-1;;;;Pedone;M;Rimandato;0;NON DECEDUTO;;
2078393;10;05/06/2014 18:20;Strada Urbana;VIA VINCENZO GIUDICE;da specificare;;;;parcheggio anagnina ;Investimento di pedone;Rettilineo;Una carreggiata a senso unico di marcia;Asciutto;Asfaltata;Assente;Sereno;Scarso;Buona;Ore Diurne;1;0;0;1;12.58588;41.84534;-1;1;Autovettura privata;In marcia / fermata / arresto;Conducente;F;Illeso;0;;Non accertato;Inesploso
2078397;10;05/06/2014 17:30;Strada Urbana;VIA LUCIO MUMMIO;in corrispondenza;;del civico n.;3;;Veicolo in marcia contro veicolo in sosta;Rettilineo;Una carreggiata a senso unico di marcia;Asciutto;Asfaltata;Verticale;Sereno;Scarso;Buona;Ore Diurne;0;0;0;2;12.56353;41.86161;-1;1;Autocarro inferiore 35 q.;In marcia / fermata / arresto;Conducente;M;Illeso;0;;Non accertato;Inesploso
2078397;10;05/06/2014 17:30;Strada Urbana;VIA LUCIO MUMMIO;in corrispondenza;;del civico n.;3;;Veicolo in marcia contro veicolo in sosta;Rettilineo;Una carreggiata a senso unico di marcia;Asciutto;Asfaltata;Verticale;Sereno;Scarso;Buona;Ore Diurne;0;0;0;2;12.56353;41.86161;-1;1;Autocarro inferiore 35 q.;In marcia / fermata / arresto;Passeggero;M;Illeso;0;;Non accertato;Inesploso
2078402;10;07/06/2014 10:35;Strada Urbana;VIALE TITO LABIENO;in prossimità;;del civico n.;33;;Investimento di pedone;Rettilineo;Due carreggiate;Asciutto;Asfaltata;Verticale ed orizzontale;Sereno;Scarso;Buona;Ore Diurne;1;0;0;2;12.5666173;41.8526829;-1;;;;Pedone;M;Rimandato;0;NON DECEDUTO;;
2078402;10;07/06/2014 10:35;Strada Urbana;VIALE TITO LABIENO;in prossimità;;del civico n.;33;;Investimento di pedone;Rettilineo;Due carreggiate;Asciutto;Asfaltata;Verticale ed orizzontale;Sereno;Scarso;Buona;Ore Diurne;1;0;0;2;12.5666173;41.8526829;-1;1;Autovettura privata;In marcia / fermata / arresto;Conducente;F;Illeso;0;;Non accertato;Inesistente
2078402;10;07/06/2014 10:35;Strada Urbana;VIALE TITO LABIENO;in prossimità;;del civico n.;33;;Investimento di pedone;Rettilineo;Due carreggiate;Asciutto;Asfaltata;Verticale ed orizzontale;Sereno;Scarso;Buona;Ore Diurne;1;0;0;2;12.5666173;41.8526829;-1;1;Autovettura privata;In marcia / fermata / arresto;Passeggero;M;Illeso;0;;Non accertato;Inesploso
2078408;10;07/06/2014 09:10;Strada Urbana;VIA VINCENZO GIUDICE;in prossimità;;del palo luce n.;36;;Tamponamento;Rettilineo;Due carreggiate;Asciutto;Asfaltata;Verticale ed orizzontale;Sereno;Scarso;Buona;Ore Diurne;1;0;0;2;12.58726;41.84373;-1;1;Autovettura privata;In marcia / fermata / arresto;Conducente;M;Illeso;0;;Non accertato;Inesploso
2078408;10;07/06/2014 09:10;Strada Urbana;VIA VINCENZO GIUDICE;in prossimità;;del palo luce n.;36;;Tamponamento;Rettilineo;Due carreggiate;Asciutto;Asfaltata;Verticale ed orizzontale;Sereno;Scarso;Buona;Ore Diurne;1;0;0;2;12.58726;41.84373;-1;1;Autovettura privata;In marcia / fermata / arresto;Passeggero;F;Illeso;0;;Non accertato;Inesploso
2078408;10;07/06/2014 09:10;Strada Urbana;VIA VINCENZO GIUDICE;in prossimità;;del palo luce n.;36;;Tamponamento;Rettilineo;Due carreggiate;Asciutto;Asfaltata;Verticale ed orizzontale;Sereno;Scarso;Buona;Ore Diurne;1;0;0;2;12.58726;41.84373;-1;2;Autocarro inferiore 35 q.;In marcia / fermata / arresto;Conducente;M;Rimandato;0;NON DECEDUTO;Non accertato;Inesploso
2078445;13;07/06/2014 12:15;Strada Urbana;VIALE DEI ROMAGNOLI;all'intersezione con;VIA GABRIELE TORREMUZZA;VIA GABRIELE TORREMUZZA;;;Scontro frontale/laterale SX fra veicoli in marcia;Incrocio;Una carreggiata a doppio senso;Asciutto;Asfaltata;Verticale ed orizzontale;Sereno;Normale;Buona;Ore Diurne;0;0;0;2;12.30777;41.76294;-1;1;Motociclo a solo;In marcia / fermata / arresto;Conducente;M;Illeso;0;;Utilizzato;
2078445;13;07/06/2014 12:15;Strada Urbana;VIALE DEI ROMAGNOLI;all'intersezione con;VIA GABRIELE TORREMUZZA;VIA GABRIELE TORREMUZZA;;;Scontro frontale/laterale SX fra veicoli in marcia;Incrocio;Una carreggiata a doppio senso;Asciutto;Asfaltata;Verticale ed orizzontale;Sereno;Normale;Buona;Ore Diurne;0;0;0;2;12.30777;41.76294;-1;2;Autovettura privata;In marcia / fermata / arresto;Conducente;M;Illeso;0;;Non accertato;Inesploso
2078481;13;07/06/2014 10:30;Strada Urbana;VIA CAPO SPERONE;da specificare;;;;in prossimità Viale Promontori;Investimento di pedone;Rettilineo;Una carreggiata a doppio senso;Asciutto;Asfaltata;Orizzontale;Sereno;Normale;Buona;Ore Diurne;1;0;0;4;12.28776;41.7406;-1;;;;Pedone;M;Rimandato;0;NON DECEDUTO;;
2078481;13;07/06/2014 10:30;Strada Urbana;VIA CAPO SPERONE;da specificare;;;;in prossimità Viale Promontori;Investimento di pedone;Rettilineo;Una carreggiata a doppio senso;Asciutto;Asfaltata;Orizzontale;Sereno;Normale;Buona;Ore Diurne;1;0;0;4;12.28776;41.7406;-1;1;Autovettura privata;In marcia / fermata / arresto;Conducente;F;Illeso;0;;Non accertato;Inesploso
2078481;13;07/06/2014 10:30;Strada Urbana;VIA CAPO SPERONE;da specificare;;;;in prossimità Viale Promontori;Investimento di pedone;Rettilineo;Una carreggiata a doppio senso;Asciutto;Asfaltata;Orizzontale;Sereno;Normale;Buona;Ore Diurne;1;0;0;4;12.28776;41.7406;-1;1;Autovettura privata;In marcia / fermata / arresto;Passeggero;F;Illeso;0;;Non accertato;Inesploso
2078481;13;07/06/2014 10:30;Strada Urbana;VIA CAPO SPERONE;da specificare;;;;in prossimità Viale Promontori;Investimento di pedone;Rettilineo;Una carreggiata a doppio senso;Asciutto;Asfaltata;Orizzontale;Sereno;Normale;Buona;Ore Diurne;1;0;0;4;12.28776;41.7406;-1;1;Autovettura privata;In marcia / fermata / arresto;Passeggero;F;Illeso;0;;Non accertato;Inesploso
2078505;13;07/06/2014 11:30;Provinciale;VIA DEL MARE;in corrispondenza;;della chilometrica;22.73;;Tamponamento Multiplo;Rettilineo;Una carreggiata a doppio senso;Asciutto;Asfaltata;Verticale ed orizzontale;Sereno;Intenso;Buona;Ore Diurne;1;0;0;6;12.34065;41.77568;-1;1;Autovettura privata;In marcia / fermata / arresto;Conducente;F;Illeso;0;;Non accertato;Inesploso
2078505;13;07/06/2014 11:30;Provinciale;VIA DEL MARE;in corrispondenza;;della chilometrica;22.73;;Tamponamento Multiplo;Rettilineo;Una carreggiata a doppio senso;Asciutto;Asfaltata;Verticale ed orizzontale;Sereno;Intenso;Buona;Ore Diurne;1;0;0;6;12.34065;41.77568;-1;1;Autovettura privata;In marcia / fermata / arresto;Passeggero;F;Illeso;0;;Non accertato;Inesploso
2078505;13;07/06/2014 11:30;Provinciale;VIA DEL MARE;in corrispondenza;;della chilometrica;22.73;;Tamponamento Multiplo;Rettilineo;Una carreggiata a doppio senso;Asciutto;Asfaltata;Verticale ed orizzontale;Sereno;Intenso;Buona;Ore Diurne;1;0;0;6;12.34065;41.77568;-1;2;Autovettura privata;In marcia / fermata / arresto;Conducente;M;Rimandato;0;NON DECEDUTO;Non accertato;Inesploso
2078505;13;07/06/2014 11:30;Provinciale;VIA DEL MARE;in corrispondenza;;della chilometrica;22.73;;Tamponamento Multiplo;Rettilineo;Una carreggiata a doppio senso;Asciutto;Asfaltata;Verticale ed orizzontale;Sereno;Intenso;Buona;Ore Diurne;1;0;0;6;12.34065;41.77568;-1;2;Autovettura privata;In marcia / fermata / arresto;Passeggero;F;Illeso;0;;Non accertato;Inesploso
2078505;13;07/06/2014 11:30;Provinciale;VIA DEL MARE;in corrispondenza;;della chilometrica;22.73;;Tamponamento Multiplo;Rettilineo;Una carreggiata a doppio senso;Asciutto;Asfaltata;Verticale ed orizzontale;Sereno;Intenso;Buona;Ore Diurne;1;0;0;6;12.34065;41.77568;-1;3;Autovettura privata;In marcia / fermata / arresto;Conducente;F;Illeso;0;;Non accertato;Inesploso
2078505;13;07/06/2014 11:30;Provinciale;VIA DEL MARE;in corrispondenza;;della chilometrica;22.73;;Tamponamento Multiplo;Rettilineo;Una carreggiata a doppio senso;Asciutto;Asfaltata;Verticale ed orizzontale;Sereno;Intenso;Buona;Ore Diurne;1;0;0;6;12.34065;41.77568;-1;4;Autovettura privata;In marcia / fermata / arresto;Conducente;M;Illeso;0;;Non accertato;Inesploso
2078505;13;07/06/2014 11:30;Provinciale;VIA DEL MARE;in corrispondenza;;della chilometrica;22.73;;Tamponamento Multiplo;Rettilineo;Una carreggiata a doppio senso;Asciutto;Asfaltata;Verticale ed orizzontale;Sereno;Intenso;Buona;Ore Diurne;1;0;0;6;12.34065;41.77568;-1;4;Autovettura privata;In marcia / fermata / arresto;Passeggero;M;Illeso;0;;Non accertato;Inesploso
2078519;6;07/06/2014 18:25;Strada Urbana;VIA PRENESTINA;all'intersezione semaforizzata con;VIA DI PORTONACCIO;VIA DI PORTONACCIO;;;Scontro frontale/laterale SX fra veicoli in marcia;Intersezione semaforizzata;Più di due carreggiate;Asciutto;Asfaltata;Verticale ed orizzontale;Sereno;Normale;Buona;Ore Diurne;1;0;0;3;12.5419;41.89284;-1;1;Autovettura privata;In marcia / fermata / arresto;Conducente;M;Illeso;0;;Non accertato;Inesploso
2078519;6;07/06/2014 18:25;Strada Urbana;VIA PRENESTINA;all'intersezione semaforizzata con;VIA DI PORTONACCIO;VIA DI PORTONACCIO;;;Scontro frontale/laterale SX fra veicoli in marcia;Intersezione semaforizzata;Più di due carreggiate;Asciutto;Asfaltata;Verticale ed orizzontale;Sereno;Normale;Buona;Ore Diurne;1;0;0;3;12.5419;41.89284;-1;1;Autovettura privata;In marcia / fermata / arresto;Passeggero;M;Illeso;0;;Non accertato;
2078519;6;07/06/2014 18:25;Strada Urbana;VIA PRENESTINA;all'intersezione semaforizzata con;VIA DI PORTONACCIO;VIA DI PORTONACCIO;;;Scontro frontale/laterale SX fra veicoli in marcia;Intersezione semaforizzata;Più di due carreggiate;Asciutto;Asfaltata;Verticale ed orizzontale;Sereno;Normale;Buona;Ore Diurne;1;0;0;3;12.5419;41.89284;-1;1;Autovettura privata;In marcia / fermata / arresto;Passeggero;M;Illeso;0;;Non accertato;Inesploso
2078519;6;07/06/2014 18:25;Strada Urbana;VIA PRENESTINA;all'intersezione semaforizzata con;VIA DI PORTONACCIO;VIA DI PORTONACCIO;;;Scontro frontale/laterale SX fra veicoli in marcia;Intersezione semaforizzata;Più di due carreggiate;Asciutto;Asfaltata;Verticale ed orizzontale;Sereno;Normale;Buona;Ore Diurne;1;0;0;3;12.5419;41.89284;-1;2;Motociclo a solo;In marcia / fermata / arresto;Conducente;M;Rimandato;0;NON DECEDUTO;Non accertato;
2078528;13;07/06/2014 15:30;Strada Urbana;VIA ISOLE SALOMONE;da specificare;;;;in prossimità di LARGO DELLE MARIANNE;Ribaltamento senza urto contro ostacolo fisso;Rettilineo;Una carreggiata a doppio senso;Asciutto;Strada pavimentata dissestata;Assente;Sereno;Scarso;Buona;Ore Diurne;1;0;0;0;12.27647;41.74018;-1;1;Motociclo a solo;In marcia / fermata / arresto;Conducente;M;Rimandato;0;NON DECEDUTO;Non accertato;
2078564;13;07/06/2014 19:15;Strada Urbana;VIA DANILO STIEPOVICH;all'intersezione con;VIA ARMANDO CRISCIANI;VIA ARMANDO CRISCIANI;;;Scontro laterale fra veicoli in marcia;Incrocio;Una carreggiata a senso unico di marcia;Asciutto;Asfaltata;Verticale ed orizzontale;Sereno;Normale;Buona;Ore Diurne;1;0;0;2;12.2697;41.73974;-1;1;Autovettura privata;In marcia / fermata / arresto;Conducente;M;Illeso;0;;Non accertato;Inesploso
2078564;13;07/06/2014 19:15;Strada Urbana;VIA DANILO STIEPOVICH;all'intersezione con;VIA ARMANDO CRISCIANI;VIA ARMANDO CRISCIANI;;;Scontro laterale fra veicoli in marcia;Incrocio;Una carreggiata a senso unico di marcia;Asciutto;Asfaltata;Verticale ed orizzontale;Sereno;Normale;Buona;Ore Diurne;1;0;0;2;12.2697;41.73974;-1;1;Autovettura privata;In marcia / fermata / arresto;Passeggero;F;Rimandato;0;NON DECEDUTO;;
2078564;13;07/06/2014 19:15;Strada Urbana;VIA DANILO STIEPOVICH;all'intersezione con;VIA ARMANDO CRISCIANI;VIA ARMANDO CRISCIANI;;;Scontro laterale fra veicoli in marcia;Incrocio;Una carreggiata a senso unico di marcia;Asciutto;Asfaltata;Verticale ed orizzontale;Sereno;Normale;Buona;Ore Diurne;1;0;0;2;12.2697;41.73974;-1;2;Autovettura privata;In marcia / fermata / arresto;Conducente;F;Illeso;0;;Non accertato;Inesploso
2078574;12;05/06/2014 18:40;Strada Urbana;VIA DEL PIANETA TERRA;in prossimità;;del civico n.;111;;Investimento di pedone;Rettilineo;Una carreggiata a doppio senso;Asciutto;Asfaltata;Verticale ed orizzontale;Sereno;Normale;Buona;Ore Diurne;1;0;0;2;12.44415;41.81663;-1;;;;Pedone;F;Rimandato;0;NON DECEDUTO;;
2078574;12;05/06/2014 18:40;Strada Urbana;VIA DEL PIANETA TERRA;in prossimità;;del civico n.;111;;Investimento di pedone;Rettilineo;Una carreggiata a doppio senso;Asciutto;Asfaltata;Verticale ed orizzontale;Sereno;Normale;Buona;Ore Diurne;1;0;0;2;12.44415;41.81663;-1;;;;Pedone;M;Illeso;0;;;
2078574;12;05/06/2014 18:40;Strada Urbana;VIA DEL PIANETA TERRA;in prossimità;;del civico n.;111;;Investimento di pedone;Rettilineo;Una carreggiata a doppio senso;Asciutto;Asfaltata;Verticale ed orizzontale;Sereno;Normale;Buona;Ore Diurne;1;0;0;2;12.44415;41.81663;-1;1;Autovettura privata;In marcia / fermata / arresto;Conducente;M;Illeso;0;;Utilizzato;Inesploso
2078579;12;05/06/2014 14:20;Provinciale entro l'abitato;VIA LAURENTINA;all'intersezione con;VIA CELINE;VIA CELINE;;;Scontro frontale/laterale SX fra veicoli in marcia;Intersezione semaforizzata;Due carreggiate;Asciutto;Asfaltata;Verticale ed orizzontale;Sereno;Normale;Buona;Ore Diurne;1;0;0;1;12.48466;41.80903;-1;1;Autovettura privata;In marcia / fermata / arresto;Conducente;F;Rimandato;0;NON DECEDUTO;Utilizzato;
2078579;12;05/06/2014 14:20;Provinciale entro l'abitato;VIA LAURENTINA;all'intersezione con;VIA CELINE;VIA CELINE;;;Scontro frontale/laterale SX fra veicoli in marcia;Intersezione semaforizzata;Due carreggiate;Asciutto;Asfaltata;Verticale ed orizzontale;Sereno;Normale;Buona;Ore Diurne;1;0;0;1;12.48466;41.80903;-1;2;Autovettura privata;In marcia / fermata / arresto;Conducente;M;Illeso;0;;Utilizzato;Inesploso
2078674;8;07/06/2014 20:30;Strada Urbana;VIA POLVERIGI;all'intersezione con;VIA SANT'ELPIDIO A MARE;VIA SANT'ELPIDIO A MARE;;;Tamponamento;Intersezione stradale segnalata;Una carreggiata a doppio senso;Asciutto;Asfaltata;Verticale ed orizzontale;Sereno;Intenso;Buona;Sufficiente;0;0;0;2;12.72589;41.91858;-1;1;Autovettura privata;In marcia / fermata / arresto;Conducente;F;Illeso;0;;Non accertato;Inesploso
2078674;8;07/06/2014 20:30;Strada Urbana;VIA POLVERIGI;all'intersezione con;VIA SANT'ELPIDIO A MARE;VIA SANT'ELPIDIO A MARE;;;Tamponamento;Intersezione stradale segnalata;Una carreggiata a doppio senso;Asciutto;Asfaltata;Verticale ed orizzontale;Sereno;Intenso;Buona;Sufficiente;0;0;0;2;12.72589;41.91858;-1;2;Autocarro inferiore 35 q.;In marcia / fermata / arresto;Conducente;M;Illeso;0;;Non accertato;Inesploso
2078675;8;07/06/2014 20:00;Strada Urbana;VIA PRENESTINA;all'intersezione con;CIRCONVALLAZIONE ORIENTALE;CIRCONVALLAZIONE ORIENTALE;;;Scontro frontale/laterale DX fra veicoli in marcia;Incrocio;Una carreggiata a doppio senso;Asciutto;Asfaltata;Verticale ed orizzontale;Sereno;Normale;Buona;Sufficiente;0;0;0;2;12.61522;41.89349;-1;1;Autovettura privata;In marcia / fermata / arresto;Conducente;M;Illeso;0;;Non accertato;Inesploso
2078675;8;07/06/2014 20:00;Strada Urbana;VIA PRENESTINA;all'intersezione con;CIRCONVALLAZIONE ORIENTALE;CIRCONVALLAZIONE ORIENTALE;;;Scontro frontale/laterale DX fra veicoli in marcia;Incrocio;Una carreggiata a doppio senso;Asciutto;Asfaltata;Verticale ed orizzontale;Sereno;Normale;Buona;Sufficiente;0;0;0;2;12.61522;41.89349;-1;2;Autovettura privata;In marcia / fermata / arresto;Conducente;F;Illeso;0;;Non accertato;Esploso
2078676;8;07/06/2014 13:10;Strada Urbana;VIA DI TORRENOVA;in corrispondenza;;del civico n.;112;;Scontro frontale/laterale SX fra veicoli in marcia;Rettilineo;Una carreggiata a doppio senso;Asciutto;Asfaltata;Verticale ed orizzontale;Sereno;Normale;Buona;Ore Diurne;0;0;0;2;12.61731;41.87113;-1;1;Autovettura privata;In marcia / fermata / arresto;Conducente;F;Illeso;0;;Non accertato;Inesploso
2078676;8;07/06/2014 13:10;Strada Urbana;VIA DI TORRENOVA;in corrispondenza;;del civico n.;112;;Scontro frontale/laterale SX fra veicoli in marcia;Rettilineo;Una carreggiata a doppio senso;Asciutto;Asfaltata;Verticale ed orizzontale;Sereno;Normale;Buona;Ore Diurne;0;0;0;2;12.61731;41.87113;-1;1;Autovettura privata;In marcia / fermata / arresto;Passeggero;F;Illeso;0;;Non accertato;Inesploso
2078678;8;07/06/2014 18:45;Strada Urbana;VIALE FRANCESCO CALTAGIRONE;in corrispondenza;;del civico n.;349;;Scontro laterale fra veicoli in marcia;Rettilineo;Due carreggiate;Asciutto;Asfaltata;Verticale ed orizzontale;Sereno;Normale;Buona;Ore Diurne;0;0;0;3;12.65279;41.91137;-1;1;Autovettura privata;In marcia / fermata / arresto;Conducente;M;Illeso;0;;Non accertato;Inesploso
2078678;8;07/06/2014 18:45;Strada Urbana;VIALE FRANCESCO CALTAGIRONE;in corrispondenza;;del civico n.;349;;Scontro laterale fra veicoli in marcia;Rettilineo;Due carreggiate;Asciutto;Asfaltata;Verticale ed orizzontale;Sereno;Normale;Buona;Ore Diurne;0;0;0;3;12.65279;41.91137;-1;1;Autovettura privata;In marcia / fermata / arresto;Passeggero;M;Illeso;0;;Non accertato;Inesploso
2078678;8;07/06/2014 18:45;Strada Urbana;VIALE FRANCESCO CALTAGIRONE;in corrispondenza;;del civico n.;349;;Scontro laterale fra veicoli in marcia;Rettilineo;Due carreggiate;Asciutto;Asfaltata;Verticale ed orizzontale;Sereno;Normale;Buona;Ore Diurne;0;0;0;3;12.65279;41.91137;-1;2;Autocarro inferiore 35 q.;In marcia / fermata / arresto;Conducente;M;Illeso;0;;Non accertato;Inesploso
2078679;8;07/06/2014 13:30;Strada Urbana;VIA DI TOR BELLA MONACA;da specificare;;;;50 mt. prima del cavalcavia pedonale direzione GRA;Veicolo in marcia contro ostacolo accidentale;Curva a visuale libera;Due carreggiate;Asciutto;Asfaltata;Orizzontale;Sereno;Normale;Sufficiente;Ore Diurne;0;0;0;1;12.62032;41.88537;-1;1;Autovettura privata;In marcia / fermata / arresto;Conducente;F;Illeso;0;;Non accertato;Inesploso
2078682;8;07/06/2014 10:15;Strada Urbana;VIA DEI COLOMBI;all'intersezione con;VIA DEI TORDI;VIA DEI TORDI;;;Veicolo in marcia contro veicolo in sosta;Incrocio;Una carreggiata a senso unico di marcia;Asciutto;Asfaltata;Verticale ed orizzontale;Sereno;Normale;Buona;Ore Diurne;2;0;0;0;12.59366;41.87062;-1;1;Autovettura di polizia;In marcia / fermata / arresto;Conducente;M;Rifiuta cure immediate;0;NON DECEDUTO;;Inesploso
2078682;8;07/06/2014 10:15;Strada Urbana;VIA DEI COLOMBI;all'intersezione con;VIA DEI TORDI;VIA DEI TORDI;;;Veicolo in marcia contro veicolo in sosta;Incrocio;Una carreggiata a senso unico di marcia;Asciutto;Asfaltata;Verticale ed orizzontale;Sereno;Normale;Buona;Ore Diurne;2;0;0;0;12.59366;41.87062;-1;1;Autovettura di polizia;In marcia / fermata / arresto;Passeggero;M;Rimandato;0;NON DECEDUTO;;
2078685;8;07/06/2014 20:05;Strada Urbana;VIALE DEI ROMANISTI;da specificare;;;;altezza Via Sommariva;Tamponamento;Rettilineo;Una carreggiata a senso unico di marcia;Asciutto;Asfaltata;Verticale ed orizzontale;Sereno;Normale;Buona;Sufficiente;1;0;0;1;12.57747;41.86741;-1;1;Autovettura privata;In marcia / fermata / arresto;Conducente;M;Illeso;0;;Non accertato;Inesploso
2078685;8;07/06/2014 20:05;Strada Urbana;VIALE DEI ROMANISTI;da specificare;;;;altezza Via Sommariva;Tamponamento;Rettilineo;Una carreggiata a senso unico di marcia;Asciutto;Asfaltata;Verticale ed orizzontale;Sereno;Normale;Buona;Sufficiente;1;0;0;1;12.57747;41.86741;-1;2;Motociclo a solo;In marcia / fermata / arresto;Conducente;M;Rimandato;0;NON DECEDUTO;Utilizzato;
2078687;8;07/06/2014 16:25;Strada Urbana;VIA CASILINA;all'intersezione con;VIA BORGHESIANA;VIA BORGHESIANA;;;Scontro frontale/laterale SX fra veicoli in marcia;Incrocio;Una carreggiata a doppio senso;Asciutto;Asfaltata;Verticale ed orizzontale;Sereno;Normale;Buona;Ore Diurne;1;0;0;1;12.67536;41.86383;-1;1;Autovettura privata;In marcia / fermata / arresto;Conducente;M;Ricoverato;0;NON DECEDUTO;;
2078687;8;07/06/2014 16:25;Strada Urbana;VIA CASILINA;all'intersezione con;VIA BORGHESIANA;VIA BORGHESIANA;;;Scontro frontale/laterale SX fra veicoli in marcia;Incrocio;Una carreggiata a doppio senso;Asciutto;Asfaltata;Verticale ed orizzontale;Sereno;Normale;Buona;Ore Diurne;1;0;0;1;12.67536;41.86383;-1;2;Autovettura privata;In marcia / fermata / arresto;Conducente;F;Illeso;0;;Non accertato;Inesploso
2078689;8;07/06/2014 18:20;Strada Urbana;VIA CASILINA;in prossimità;;del civico n.;1404;;Tamponamento Multiplo;Rettilineo;Una carreggiata a doppio senso;Asciutto;Asfaltata;Verticale ed orizzontale;Sereno;Normale;Buona;Ore Diurne;0;0;0;4;12.6174807;41.8630885;-1;1;Autovettura privata;In marcia / fermata / arresto;Conducente;M;Illeso;0;;Non accertato;Inesploso
2078689;8;07/06/2014 18:20;Strada Urbana;VIA CASILINA;in prossimità;;del civico n.;1404;;Tamponamento Multiplo;Rettilineo;Una carreggiata a doppio senso;Asciutto;Asfaltata;Verticale ed orizzontale;Sereno;Normale;Buona;Ore Diurne;0;0;0;4;12.6174807;41.8630885;-1;1;Autovettura privata;In marcia / fermata / arresto;Passeggero;F;Illeso;0;;Non accertato;Inesploso
2078689;8;07/06/2014 18:20;Strada Urbana;VIA CASILINA;in prossimità;;del civico n.;1404;;Tamponamento Multiplo;Rettilineo;Una carreggiata a doppio senso;Asciutto;Asfaltata;Verticale ed orizzontale;Sereno;Normale;Buona;Ore Diurne;0;0;0;4;12.6174807;41.8630885;-1;2;Autovettura privata;In marcia / fermata / arresto;Conducente;M;Illeso;0;;;
2078689;8;07/06/2014 18:20;Strada Urbana;VIA CASILINA;in prossimità;;del civico n.;1404;;Tamponamento Multiplo;Rettilineo;Una carreggiata a doppio senso;Asciutto;Asfaltata;Verticale ed orizzontale;Sereno;Normale;Buona;Ore Diurne;0;0;0;4;12.6174807;41.8630885;-1;3;Autovettura privata;In marcia / fermata / arresto;Conducente;M;Illeso;0;;Non accertato;Inesploso
2078691;8;07/06/2014 11:20;Strada Urbana;VIA CANTIANO;in corrispondenza;;del civico n.;25;;Scontro frontale fra veicoli in marcia;Rettilineo;Una carreggiata a doppio senso;Asciutto;Asfaltata;Assente;Sereno;Scarso;Buona;Ore Diurne;0;0;0;2;12.73152;41.91419;-1;1;Autovettura privata;In marcia / fermata / arresto;Conducente;F;Illeso;0;;Non accertato;Inesploso
2078691;8;07/06/2014 11:20;Strada Urbana;VIA CANTIANO;in corrispondenza;;del civico n.;25;;Scontro frontale fra veicoli in marcia;Rettilineo;Una carreggiata a doppio senso;Asciutto;Asfaltata;Assente;Sereno;Scarso;Buona;Ore Diurne;0;0;0;2;12.73152;41.91419;-1;2;Autovettura privata;In marcia / fermata / arresto;Conducente;M;Illeso;0;;Non accertato;Inesploso
2078694;20;07/06/2014 10:00;Statale entro l'abitato;VIA FLAMINIA;da specificare;;;;dir. Roma alt.rampa immissione da Cimitero Flamino;Veicolo in marcia contro ostacolo fisso;Curva a visuale libera;Due carreggiate;Asciutto;Asfaltata;Orizzontale;Sereno;Normale;Buona;Sufficiente;1;0;0;1;12.49365;42.00433;-1;1;Autovettura privata;In marcia / fermata / arresto;Conducente;M;Illeso;0;;Non accertato;Inesistente
2078694;20;07/06/2014 10:00;Statale entro l'abitato;VIA FLAMINIA;da specificare;;;;dir. Roma alt.rampa immissione da Cimitero Flamino;Veicolo in marcia contro ostacolo fisso;Curva a visuale libera;Due carreggiate;Asciutto;Asfaltata;Orizzontale;Sereno;Normale;Buona;Sufficiente;1;0;0;1;12.49365;42.00433;-1;1;Autovettura privata;In marcia / fermata / arresto;Passeggero;F;Rimandato;0;NON DECEDUTO;Non accertato;Inesistente
2078701;1;08/06/2014 01:30;Strada Urbana;VIA PRINCIPE EUGENIO;in corrispondenza;;del civico n.;102;;Veicolo in marcia contro ostacolo fisso;Rettilineo;Una carreggiata a doppio senso;Asciutto;Asfaltata;Verticale ed orizzontale;Sereno;Normale;Buona;Sufficiente;1;0;0;0;12.5092917;41.8934122;-1;1;Motociclo a solo;In marcia / fermata / arresto;Conducente;M;Rimandato;0;NON DECEDUTO;Non accertato;