Protocollo;Gruppo;DataOraIncidente;Localizzazione1;STRADA1;Localizzazione2;STRADA2;Strada02;Chilometrica;DaSpecificare;NaturaIncidente;particolaritastrade;TipoStrada;FondoStradale;Pavimentazione;Segnaletica;CondizioneAtmosferica;Traffico;Visibilita;Illuminazione;NUM_FERITI;NUM_RISERVATA;NUM_MORTI;NUM_ILLESI;Longitudine;Latitudine;Confermato;Progressivo;TipoVeicolo;StatoVeicolo;TipoPersona;Sesso;Tipolesione;Deceduto;DecedutoDopo;CinturaCascoUtilizzato;Airbag
2082730;1;11/06/2014 12:45;Strada Urbana;LUNGOTEVERE DEGLI ANGUILLARA;da specificare;;;;in corrispondenza albero n.4;Scontro laterale fra veicoli in marcia;Rettilineo;Una carreggiata a senso unico di marcia;Asciutto;Asfaltata;Verticale ed orizzontale;Sereno;Normale;Buona;Ore Diurne;3;0;0;2;12.47581;41.89001;-1;1;Autocarro inferiore 35 q.;In marcia / fermata / arresto;Conducente;M;Illeso;0;;Non accertato;
2082730;1;11/06/2014 12:45;Strada Urbana;LUNGOTEVERE DEGLI ANGUILLARA;da specificare;;;;in corrispondenza albero n.4;Scontro laterale fra veicoli in marcia;Rettilineo;Una carreggiata a senso unico di marcia;Asciutto;Asfaltata;Verticale ed orizzontale;Sereno;Normale;Buona;Ore Diurne;3;0;0;2;12.47581;41.89001;-1;1;Autocarro inferiore 35 q.;In marcia / fermata / arresto;Passeggero;M;Illeso;0;;Non accertato;
2082730;1;11/06/2014 12:45;Strada Urbana;LUNGOTEVERE DEGLI ANGUILLARA;da specificare;;;;in corrispondenza albero n.4;Scontro laterale fra veicoli in marcia;Rettilineo;Una carreggiata a senso unico di marcia;Asciutto;Asfaltata;Verticale ed orizzontale;Sereno;Normale;Buona;Ore Diurne;3;0;0;2;12.47581;41.89001;-1;2;Autovettura privata;In marcia / fermata / arresto;Conducente;M;Rifiuta cure immediate;0;NON DECEDUTO;Non accertato;
2082730;1;11/06/2014 12:45;Strada Urbana;LUNGOTEVERE DEGLI ANGUILLARA;da specificare;;;;in corrispondenza albero n.4;Scontro laterale fra veicoli in marcia;Rettilineo;Una carreggiata a senso unico di marcia;Asciutto;Asfaltata;Verticale ed orizzontale;Sereno;Normale;Buona;Ore Diurne;3;0;0;2;12.47581;41.89001;-1;2;Autovettura privata;In marcia / fermata / arresto;Passeggero;M;Rifiuta cure immediate;0;NON DECEDUTO;Non accertato;
2082730;1;11/06/2014 12:45;Strada Urbana;LUNGOTEVERE DEGLI ANGUILLARA;da specificare;;;;in corrispondenza albero n.4;Scontro laterale fra veicoli in marcia;Rettilineo;Una carreggiata a senso unico di marcia;Asciutto;Asfaltata;Verticale ed orizzontale;Sereno;Normale;Buona;Ore Diurne;3;0;0;2;12.47581;41.89001;-1;3;Motociclo a solo;In marcia / fermata / arresto;Conducente;M;Rifiuta cure immediate;0;NON DECEDUTO;Non accertato;
2082764;1;12/06/2014 10:05;Strada Urbana;VIA DEI CERCHI;in prossimità;;del palo luce n.;28;;Scontro laterale fra veicoli in marcia;Rettilineo;Una carreggiata a senso unico di marcia;Asciutto;In cubetti di porfido;Assente;Sereno;Intenso;Buona;Ore Diurne;1;0;0;1;12.48447;41.88747;-1;1;Autovettura privata;In marcia / fermata / arresto;Conducente;M;Illeso;0;;Non accertato;
2082764;1;12/06/2014 10:05;Strada Urbana;VIA DEI CERCHI;in prossimità;;del palo luce n.;28;;Scontro laterale fra veicoli in marcia;Rettilineo;Una carreggiata a senso unico di marcia;Asciutto;In cubetti di porfido;Assente;Sereno;Intenso;Buona;Ore Diurne;1;0;0;1;12.48447;41.88747;-1;2;Motociclo di polizia;In marcia / fermata / arresto;Conducente;M;Rimandato;0;NON DECEDUTO;Non accertato;
2082782;10;12/06/2014 16:20;Strada Urbana;VIA DEL CASALE FERRANTI;all'intersezione con;VIA VILLA SAN GIOVANNI;VIA VILLA SAN GIOVANNI;;;Scontro frontale/laterale SX fra veicoli in marcia;Incrocio;Una carreggiata a doppio senso;Asciutto;Asfaltata;Orizzontale;Nuvoloso;Scarso;Buona;Sufficiente;1;0;0;1;12.58489;41.83939;-1;1;Autovettura privata;In marcia / fermata / arresto;Conducente;M;Illeso;0;;Non accertato;Inesistente
2082782;10;12/06/2014 16:20;Strada Urbana;VIA DEL CASALE FERRANTI;all'intersezione con;VIA VILLA SAN GIOVANNI;VIA VILLA SAN GIOVANNI;;;Scontro frontale/laterale SX fra veicoli in marcia;Incrocio;Una carreggiata a doppio senso;Asciutto;Asfaltata;Orizzontale;Nuvoloso;Scarso;Buona;Sufficiente;1;0;0;1;12.58489;41.83939;-1;2;Motociclo a solo;In marcia / fermata / arresto;Conducente;M;Rimandato;0;NON DECEDUTO;Non accertato;
2082796;1;12/06/2014 11:20;Strada Urbana;PIAZZA DI PORTA S. PAOLO;da specificare;;;;altezza fermata ATAC;Scontro laterale fra veicoli in marcia;Rotatoria;Una carreggiata a senso unico di marcia;Asciutto;Acciotolata;Assente;Sereno;Normale;Buona;Ore Diurne;0;0;0;2;12.48144;41.87731;-1;1;Motociclo a solo;In marcia / fermata / arresto;Conducente;M;Illeso;0;;;
2082796;1;12/06/2014 11:20;Strada Urbana;PIAZZA DI PORTA S. PAOLO;da specificare;;;;altezza fermata ATAC;Scontro laterale fra veicoli in marcia;Rotatoria;Una carreggiata a senso unico di marcia;Asciutto;Acciotolata;Assente;Sereno;Normale;Buona;Ore Diurne;0;0;0;2;12.48144;41.87731;-1;2;Autovettura privata;In marcia / fermata / arresto;Conducente;M;Illeso;0;;;
2082812;1;11/06/2014 08:55;Strada Urbana;VIA DEL TEATRO DI MARCELLO;da specificare;;;;altezza Forto Olitorio;Veicolo in marcia contro ostacolo accidentale;Curva a visuale libera;Una carreggiata a doppio senso;Viscido da liquidi oleosi;In cubetti di porfido;Verticale ed orizzontale;Sereno;Normale;Buona;Ore Diurne;1;0;0;0;12.48035;41.8912;-1;1;Motociclo a solo;In marcia / fermata / arresto;Conducente;F;Rimandato;0;NON DECEDUTO;Utilizzato;
2082820;1;07/06/2014 18:10;Strada Urbana;VIA MARMORATA;in prossimità;;del civico n.;47;;Investimento di pedone;Rettilineo;Più di due carreggiate;Asciutto;Asfaltata;Verticale ed orizzontale;Sereno;Normale;Buona;Ore Diurne;2;0;0;0;12.4787419;41.8790544;-1;;;;Pedone;F;Rifiuta cure immediate;0;NON DECEDUTO;;
2082820;1;07/06/2014 18:10;Strada Urbana;VIA MARMORATA;in prossimità;;del civico n.;47;;Investimento di pedone;Rettilineo;Più di due carreggiate;Asciutto;Asfaltata;Verticale ed orizzontale;Sereno;Normale;Buona;Ore Diurne;2;0;0;0;12.4787419;41.8790544;-1;1;Motociclo a solo;In marcia / fermata / arresto;Conducente;F;Rimandato;0;NON DECEDUTO;Non accertato;
2082824;1;12/06/2014 10:30;Strada Urbana;LARGO GIOVANNI BATTISTA MARZI;da specificare;;;;altezza albero n. 81;Scontro laterale fra veicoli in marcia;Rettilineo;Una carreggiata a doppio senso;Asciutto;Asfaltata;Verticale ed orizzontale;Sereno;Normale;Buona;Ore Diurne;1;0;0;2;12.47243;41.87605;-1;1;Autovettura privata;In marcia / fermata / arresto;Conducente;M;Illeso;0;;Utilizzato;Inesploso
2082824;1;12/06/2014 10:30;Strada Urbana;LARGO GIOVANNI BATTISTA MARZI;da specificare;;;;altezza albero n. 81;Scontro laterale fra veicoli in marcia;Rettilineo;Una carreggiata a doppio senso;Asciutto;Asfaltata;Verticale ed orizzontale;Sereno;Normale;Buona;Ore Diurne;1;0;0;2;12.47243;41.87605;-1;1;Autovettura privata;In marcia / fermata / arresto;Passeggero;F;Illeso;0;;Utilizzato;
2082824;1;12/06/2014 10:30;Strada Urbana;LARGO GIOVANNI BATTISTA MARZI;da specificare;;;;altezza albero n. 81;Scontro laterale fra veicoli in marcia;Rettilineo;Una carreggiata a doppio senso;Asciutto;Asfaltata;Verticale ed orizzontale;Sereno;Normale;Buona;Ore Diurne;1;0;0;2;12.47243;41.87605;-1;2;Velocipede;In marcia / fermata / arresto;Conducente;F;Ricoverato;0;NON DECEDUTO;Esente;
2082825;13;12/06/2014 06:15;Strada Urbana;VIALE VASCO DE GAMA;all'intersezione con;VIA DELLE SIRENE;VIA DELLE SIRENE;;;Scontro frontale/laterale DX fra veicoli in marcia;Intersezione semaforizzata;Due carreggiate;Asciutto;Asfaltata;Verticale ed orizzontale;Sereno;Scarso;Buona;Ore Diurne;0;0;0;2;12.27224;41.73549;-1;1;Autovettura privata;In marcia / fermata / arresto;Conducente;F;Illeso;0;;Non accertato;Inesploso
2082825;13;12/06/2014 06:15;Strada Urbana;VIALE VASCO DE GAMA;all'intersezione con;VIA DELLE SIRENE;VIA DELLE SIRENE;;;Scontro frontale/laterale DX fra veicoli in marcia;Intersezione semaforizzata;Due carreggiate;Asciutto;Asfaltata;Verticale ed orizzontale;Sereno;Scarso;Buona;Ore Diurne;0;0;0;2;12.27224;41.73549;-1;2;Autovettura privata;In marcia / fermata / arresto;Conducente;M;Illeso;0;;Non accertato;Inesploso
2082827;9;12/06/2014 08:20;Strada Urbana;LARGO VERCELLI;in prossimità;;del civico n.;10;;Veicolo in marcia contro veicolo arresto;Rettilineo;Una carreggiata a senso unico di marcia;Asciutto;Asfaltata;Verticale ed orizzontale;Sereno;Normale;Buona;Ore Diurne;1;0;0;3;12.51493;41.88203;-1;1;Autovettura privata;In marcia / fermata / arresto;Conducente;M;Illeso;0;;Non accertato;Inesploso
2082827;9;12/06/2014 08:20;Strada Urbana;LARGO VERCELLI;in prossimità;;del civico n.;10;;Veicolo in marcia contro veicolo arresto;Rettilineo;Una carreggiata a senso unico di marcia;Asciutto;Asfaltata;Verticale ed orizzontale;Sereno;Normale;Buona;Ore Diurne;1;0;0;3;12.51493;41.88203;-1;1;Autovettura privata;In marcia / fermata / arresto;Passeggero;F;Illeso;0;;Non accertato;Inesploso
2082827;9;12/06/2014 08:20;Strada Urbana;LARGO VERCELLI;in prossimità;;del civico n.;10;;Veicolo in marcia contro veicolo arresto;Rettilineo;Una carreggiata a senso unico di marcia;Asciutto;Asfaltata;Verticale ed orizzontale;Sereno;Normale;Buona;Ore Diurne;1;0;0;3;12.51493;41.88203;-1;1;Autovettura privata;In marcia / fermata / arresto;Passeggero;F;Illeso;0;;Non accertato;Inesploso
2082827;9;12/06/2014 08:20;Strada Urbana;LARGO VERCELLI;in prossimità;;del civico n.;10;;Veicolo in marcia contro veicolo arresto;Rettilineo;Una carreggiata a senso unico di marcia;Asciutto;Asfaltata;Verticale ed orizzontale;Sereno;Normale;Buona;Ore Diurne;1;0;0;3;12.51493;41.88203;-1;2;Motociclo a solo;In marcia / fermata / arresto;Conducente;M;Rimandato;0;NON DECEDUTO;;
2082833;1;12/06/2014 14:10;Strada Urbana;PIAZZA DI PORTA S. GIOVANNI;all'intersezione semaforizzata con;VIA EMANUELE FILIBERTO;VIA EMANUELE FILIBERTO;;;Scontro laterale fra veicoli in marcia;Intersezione semaforizzata;Una carreggiata a doppio senso;Asciutto;Asfaltata;Verticale ed orizzontale;Sereno;Normale;Buona;Ore Diurne;0;0;0;4;12.50796;41.8865;-1;1;Autovettura privata;In marcia / fermata / arresto;Conducente;M;Illeso;0;;Non accertato;Inesploso
2082833;1;12/06/2014 14:10;Strada Urbana;PIAZZA DI PORTA S. GIOVANNI;all'intersezione semaforizzata con;VIA EMANUELE FILIBERTO;VIA EMANUELE FILIBERTO;;;Scontro laterale fra veicoli in marcia;Intersezione semaforizzata;Una carreggiata a doppio senso;Asciutto;Asfaltata;Verticale ed orizzontale;Sereno;Normale;Buona;Ore Diurne;0;0;0;4;12.50796;41.8865;-1;1;Autovettura privata;In marcia / fermata / arresto;Passeggero;F;Illeso;0;;Non accertato;
2082833;1;12/06/2014 14:10;Strada Urbana;PIAZZA DI PORTA S. GIOVANNI;all'intersezione semaforizzata con;VIA EMANUELE FILIBERTO;VIA EMANUELE FILIBERTO;;;Scontro laterale fra veicoli in marcia;Intersezione semaforizzata;Una carreggiata a doppio senso;Asciutto;Asfaltata;Verticale ed orizzontale;Sereno;Normale;Buona;Ore Diurne;0;0;0;4;12.50796;41.8865;-1;1;Autovettura privata;In marcia / fermata / arresto;Passeggero;M;Illeso;0;;Non accertato;
2082833;1;12/06/2014 14:10;Strada Urbana;PIAZZA DI PORTA S. GIOVANNI;all'intersezione semaforizzata con;VIA EMANUELE FILIBERTO;VIA EMANUELE FILIBERTO;;;Scontro laterale fra veicoli in marcia;Intersezione semaforizzata;Una carreggiata a doppio senso;Asciutto;Asfaltata;Verticale ed orizzontale;Sereno;Normale;Buona;Ore Diurne;0;0;0;4;12.50796;41.8865;-1;2;Autovettura privata;In marcia / fermata / arresto;Conducente;M;Illeso;0;;Non accertato;Inesploso
2082836;9;12/06/2014 08:25;Strada Urbana;VIA GALLIA;all'intersezione con;VIA PIRGO;VIA PIRGO;;;Infortunio per sola frenata improvvisa;Incrocio;Una carreggiata a doppio senso;Asciutto;Asfaltata;Verticale ed orizzontale;Sereno;Normale;Buona;Ore Diurne;1;0;0;1;12.50398;41.88104;-1;1;Autovettura pubblica;In marcia / fermata / arresto;Conducente;M;Illeso;0;;Non accertato;Inesploso
2082836;9;12/06/2014 08:25;Strada Urbana;VIA GALLIA;all'intersezione con;VIA PIRGO;VIA PIRGO;;;Infortunio per sola frenata improvvisa;Incrocio;Una carreggiata a doppio senso;Asciutto;Asfaltata;Verticale ed orizzontale;Sereno;Normale;Buona;Ore Diurne;1;0;0;1;12.50398;41.88104;-1;2;Motociclo a solo;In marcia / fermata / arresto;Conducente;M;Rimandato;0;NON DECEDUTO;Utilizzato;
2082845;9;12/06/2014 12:10;Strada Urbana;VIA DELL'ARCO DI TRAVERTINO;all'intersezione semaforizzata con;VIA TUSCOLANA;VIA TUSCOLANA;;;Scontro laterale fra veicoli in marcia;Intersezione semaforizzata;Due carreggiate;Asciutto;Asfaltata;Verticale ed orizzontale;Sereno;Normale;Buona;Ore Diurne;0;0;0;3;12.53795;41.86891;-1;1;Autovettura privata;In marcia / fermata / arresto;Conducente;M;Illeso;0;;Non accertato;Inesploso
2082845;9;12/06/2014 12:10;Strada Urbana;VIA DELL'ARCO DI TRAVERTINO;all'intersezione semaforizzata con;VIA TUSCOLANA;VIA TUSCOLANA;;;Scontro laterale fra veicoli in marcia;Intersezione semaforizzata;Due carreggiate;Asciutto;Asfaltata;Verticale ed orizzontale;Sereno;Normale;Buona;Ore Diurne;0;0;0;3;12.53795;41.86891;-1;1;Autovettura privata;In marcia / fermata / arresto;Passeggero;F;Illeso;0;;Utilizzato;Inesploso
2082845;9;12/06/2014 12:10;Strada Urbana;VIA DELL'ARCO DI TRAVERTINO;all'intersezione semaforizzata con;VIA TUSCOLANA;VIA TUSCOLANA;;;Scontro laterale fra veicoli in marcia;Intersezione semaforizzata;Due carreggiate;Asciutto;Asfaltata;Verticale ed orizzontale;Sereno;Normale;Buona;Ore Diurne;0;0;0;3;12.53795;41.86891;-1;2;Autovettura privata;In marcia / fermata / arresto;Conducente;M;Illeso;0;;Non accertato;Inesploso
2082849;1;12/06/2014 15:15;Strada Urbana;VIA MARSALA;in prossimità;;del civico n.;101;;Scontro laterale fra veicoli in marcia;Curva senza visuale libera;Due carreggiate;Asciutto;Asfaltata;Verticale ed orizzontale;Nuvoloso;Normale;Buona;Ore Diurne;1;0;0;1;12.50852;41.8985;-1;1;Motociclo a solo;In marcia / fermata / arresto;Conducente;M;Rimandato;0;NON DECEDUTO;Non accertato;
2082849;1;12/06/2014 15:15;Strada Urbana;VIA MARSALA;in prossimità;;del civico n.;101;;Scontro laterale fra veicoli in marcia;Curva senza visuale libera;Due carreggiate;Asciutto;Asfaltata;Verticale ed orizzontale;Nuvoloso;Normale;Buona;Ore Diurne;1;0;0;1;12.50852;41.8985;-1;2;Autovettura privata;In marcia / fermata / arresto;Conducente;M;Illeso;0;;Non accertato;Inesploso
2082856;13;12/06/2014 12:10;Strada Urbana;VIA LITORANEA;da specificare;;;;altezza primo cancello;Veicolo in marcia contro ostacolo fisso;Rettilineo;Una carreggiata a doppio senso;Asciutto;Asfaltata;Verticale ed orizzontale;Sereno;Scarso;Buona;Ore Diurne;0;0;0;2;12.38928;41.67694;-1;1;Autovettura privata;In marcia / fermata / arresto;Conducente;M;Illeso;0;;Non accertato;Esploso
2082856;13;12/06/2014 12:10;Strada Urbana;VIA LITORANEA;da specificare;;;;altezza primo cancello;Veicolo in marcia contro ostacolo fisso;Rettilineo;Una carreggiata a doppio senso;Asciutto;Asfaltata;Verticale ed orizzontale;Sereno;Scarso;Buona;Ore Diurne;0;0;0;2;12.38928;41.67694;-1;1;Autovettura privata;In marcia / fermata / arresto;Passeggero;F;Illeso;0;;Non accertato;Inesploso
2082858;9;12/06/2014 14:00;Strada Urbana;PIAZZA DELL'ALBERONE;in prossimità;;del civico n.;35;;Scontro laterale fra veicoli in marcia;Rettilineo;Più di due carreggiate;Asciutto;Asfaltata;Verticale;Nuvoloso;Normale;Buona;Ore Diurne;0;0;0;3;12.52121;41.87636;-1;1;Autovettura privata;In marcia / fermata / arresto;Conducente;M;Illeso;0;;Non accertato;Inesploso
2082858;9;12/06/2014 14:00;Strada Urbana;PIAZZA DELL'ALBERONE;in prossimità;;del civico n.;35;;Scontro laterale fra veicoli in marcia;Rettilineo;Più di due carreggiate;Asciutto;Asfaltata;Verticale;Nuvoloso;Normale;Buona;Ore Diurne;0;0;0;3;12.52121;41.87636;-1;2;Motociclo con passeggero;In marcia / fermata / arresto;Conducente;M;Illeso;0;;Non accertato;
2082858;9;12/06/2014 14:00;Strada Urbana;PIAZZA DELL'ALBERONE;in prossimità;;del civico n.;35;;Scontro laterale fra veicoli in marcia;Rettilineo;Più di due carreggiate;Asciutto;Asfaltata;Verticale;Nuvoloso;Normale;Buona;Ore Diurne;0;0;0;3;12.52121;41.87636;-1;2;Motociclo con passeggero;In marcia / fermata / arresto;Passeggero;F;Illeso;0;;Non accertato;
2082862;15;12/06/2014 09:15;Strada Urbana;VIA PORTUENSE;in corrispondenza;;del civico n.;719;;Scontro frontale/laterale DX fra veicoli in marcia;Rettilineo;Una carreggiata a doppio senso;Asciutto;Asfaltata;Verticale ed orizzontale;Sereno;Intenso;Buona;Ore Diurne;1;0;0;1;12.4327975;41.8517096;-1;1;Autovettura privata;In marcia / fermata / arresto;Conducente;F;Illeso;0;;Utilizzato;
2082862;15;12/06/2014 09:15;Strada Urbana;VIA PORTUENSE;in corrispondenza;;del civico n.;719;;Scontro frontale/laterale DX fra veicoli in marcia;Rettilineo;Una carreggiata a doppio senso;Asciutto;Asfaltata;Verticale ed orizzontale;Sereno;Intenso;Buona;Ore Diurne;1;0;0;1;12.4327975;41.8517096;-1;2;Motociclo a solo;In marcia / fermata / arresto;Conducente;M;Ricoverato;0;NON DECEDUTO;Utilizzato;
2082870;15;12/06/2014 10:45;Strada Urbana;VIA ADEODATO MATRICARDI;in prossimità;;del civico n.;47;;Scontro laterale fra veicoli in marcia;Rettilineo;Una carreggiata a senso unico di marcia;Asciutto;Asfaltata;Verticale ed orizzontale;Sereno;Scarso;Buona;Ore Diurne;0;0;0;2;12.4435839;41.852966;-1;1;Autovettura privata;In marcia / fermata / arresto;Conducente;F;Illeso;0;;Utilizzato;
2082870;15;12/06/2014 10:45;Strada Urbana;VIA ADEODATO MATRICARDI;in prossimità;;del civico n.;47;;Scontro laterale fra veicoli in marcia;Rettilineo;Una carreggiata a senso unico di marcia;Asciutto;Asfaltata;Verticale ed orizzontale;Sereno;Scarso;Buona;Ore Diurne;0;0;0;2;12.4435839;41.852966;-1;2;Autovettura privata;In marcia / fermata / arresto;Conducente;M;Illeso;0;;Utilizzato;
2082873;13;12/06/2014 14:30;Strada Urbana;VIALE ALFREDO ZAMBRINI;in corrispondenza;;del civico n.;12;;Veicolo in marcia contro veicolo arresto;Rettilineo;Una carreggiata a doppio senso;Asciutto;Asfaltata;Verticale ed orizzontale;Sereno;Normale;Sufficiente;Ore Diurne;0;0;0;2;12.2668469;41.7370973;-1;1;Autocarro inferiore 35 q.;In marcia / fermata / arresto;Conducente;M;Illeso;0;;Non accertato;Inesploso
2082873;13;12/06/2014 14:30;Strada Urbana;VIALE ALFREDO ZAMBRINI;in corrispondenza;;del civico n.;12;;Veicolo in marcia contro veicolo arresto;Rettilineo;Una carreggiata a doppio senso;Asciutto;Asfaltata;Verticale ed orizzontale;Sereno;Normale;Sufficiente;Ore Diurne;0;0;0;2;12.2668469;41.7370973;-1;2;Autovettura privata;In marcia / fermata / arresto;Conducente;M;Illeso;0;;;
2082875;1;12/06/2014 16:50;Strada Urbana;PIAZZA DI PORTA CAPENA;da specificare;;;;altezza monumento 11 Settembre 2001;Scontro laterale fra veicoli in marcia;Curva a visuale libera;Più di due carreggiate;Asciutto;Asfaltata;Orizzontale;Nuvoloso;Normale;Buona;Ore Diurne;0;0;0;4;12.48954;41.88445;-1;1;Autovettura privata;In marcia / fermata / arresto;Conducente;F;Illeso;0;;Non accertato;Inesploso
2082875;1;12/06/2014 16:50;Strada Urbana;PIAZZA DI PORTA CAPENA;da specificare;;;;altezza monumento 11 Settembre 2001;Scontro laterale fra veicoli in marcia;Curva a visuale libera;Più di due carreggiate;Asciutto;Asfaltata;Orizzontale;Nuvoloso;Normale;Buona;Ore Diurne;0;0;0;4;12.48954;41.88445;-1;1;Autovettura privata;In marcia / fermata / arresto;Passeggero;F;Illeso;0;;Non accertato;Inesistente
2082875;1;12/06/2014 16:50;Strada Urbana;PIAZZA DI PORTA CAPENA;da specificare;;;;altezza monumento 11 Settembre 2001;Scontro laterale fra veicoli in marcia;Curva a visuale libera;Più di due carreggiate;Asciutto;Asfaltata;Orizzontale;Nuvoloso;Normale;Buona;Ore Diurne;0;0;0;4;12.48954;41.88445;-1;1;Autovettura privata;In marcia / fermata / arresto;Passeggero;M;Illeso;0;;Non accertato;Inesistente
2082875;1;12/06/2014 16:50;Strada Urbana;PIAZZA DI PORTA CAPENA;da specificare;;;;altezza monumento 11 Settembre 2001;Scontro laterale fra veicoli in marcia;Curva a visuale libera;Più di due carreggiate;Asciutto;Asfaltata;Orizzontale;Nuvoloso;Normale;Buona;Ore Diurne;0;0;0;4;12.48954;41.88445;-1;2;Autocarro superiore 35 q.;In marcia / fermata / arresto;Conducente;M;Illeso;0;;Non accertato;Inesistente
2082984;15;12/06/2014 17:35;Strada Urbana;VIALE DI VIGNA PIA;all'intersezione con;VIA FILIPPO TAJANI;VIA FILIPPO TAJANI;;;Veicolo in marcia contro veicolo in sosta;Intersezione stradale segnalata;Una carreggiata a senso unico di marcia;Asciutto;Asfaltata;Verticale ed orizzontale;Nuvoloso;Normale;Buona;Ore Diurne;0;0;0;2;12.45988;41.86192;-1;1;Autovettura privata;In marcia / fermata / arresto;Conducente;F;Illeso;0;;Utilizzato;
2082984;15;12/06/2014 17:35;Strada Urbana;VIALE DI VIGNA PIA;all'intersezione con;VIA FILIPPO TAJANI;VIA FILIPPO TAJANI;;;Veicolo in marcia contro veicolo in sosta;Intersezione stradale segnalata;Una carreggiata a senso unico di marcia;Asciutto;Asfaltata;Verticale ed orizzontale;Nuvoloso;Normale;Buona;Ore Diurne;0;0;0;2;12.45988;41.86192;-1;1;Autovettura privata;In marcia / fermata / arresto;Passeggero;F;Illeso;0;;Utilizzato;
2082996;5;12/06/2014 11:05;Strada Urbana;VIA DI PORTONACCIO;all'intersezione con;LARGO DOMENICO DE DOMINICIS;LARGO DOMENICO DE DOMINICIS;;;Scontro laterale fra veicoli in marcia;Incrocio;Due carreggiate;Asciutto;Asfaltata;Orizzontale;Sereno;Normale;Buona;Ore Diurne;1;0;0;2;12.5362;41.90337;-1;1;Motociclo a solo;In marcia / fermata / arresto;Conducente;M;Rimandato;0;NON DECEDUTO;Non accertato;
2082996;5;12/06/2014 11:05;Strada Urbana;VIA DI PORTONACCIO;all'intersezione con;LARGO DOMENICO DE DOMINICIS;LARGO DOMENICO DE DOMINICIS;;;Scontro laterale fra veicoli in marcia;Incrocio;Due carreggiate;Asciutto;Asfaltata;Orizzontale;Sereno;Normale;Buona;Ore Diurne;1;0;0;2;12.5362;41.90337;-1;2;Autovettura privata;In marcia / fermata / arresto;Conducente;M;Illeso;0;;Non accertato;Inesploso
2082996;5;12/06/2014 11:05;Strada Urbana;VIA DI PORTONACCIO;all'intersezione con;LARGO DOMENICO DE DOMINICIS;LARGO DOMENICO DE DOMINICIS;;;Scontro laterale fra veicoli in marcia;Incrocio;Due carreggiate;Asciutto;Asfaltata;Orizzontale;Sereno;Normale;Buona;Ore Diurne;1;0;0;2;12.5362;41.90337;-1;2;Autovettura privata;In marcia / fermata / arresto;Passeggero;F;Illeso;0;;Non accertato;Inesploso
2082998;5;12/06/2014 15:35;Strada Urbana;VIA TIBURTINA;all'intersezione con;VIA CIPRIANO FACCHINETTI;VIA CIPRIANO FACCHINETTI;;;Tamponamento;Incrocio;Due carreggiate;Asciutto;Asfaltata;Verticale ed orizzontale;Sereno;Normale;Buona;Ore Diurne;0;0;0;2;12.54632;41.90908;-1;1;Autovettura privata;In marcia / fermata / arresto;Conducente;F;Illeso;0;;Non accertato;Inesistente
2082998;5;12/06/2014 15:35;Strada Urbana;VIA TIBURTINA;all'intersezione con;VIA CIPRIANO FACCHINETTI;VIA CIPRIANO FACCHINETTI;;;Tamponamento;Incrocio;Due carreggiate;Asciutto;Asfaltata;Verticale ed orizzontale;Sereno;Normale;Buona;Ore Diurne;0;0;0;2;12.54632;41.90908;-1;2;Autovettura privata;In marcia / fermata / arresto;Conducente;M;Illeso;0;;Non accertato;Inesistente
2083004;8;12/06/2014 13:00;Strada Urbana;VIA CASILINA;all'intersezione semaforizzata con;VIA PIETRO BELON;VIA PIETRO BELON;;;Scontro frontale/laterale SX fra veicoli in marcia;Intersezione semaforizzata;Una carreggiata a doppio senso;Asciutto;Asfaltata;Verticale ed orizzontale;Sereno;Normale;Buona;Ore Diurne;2;0;0;1;12.58973;41.86766;-1;1;Autovettura privata;In marcia / fermata / arresto;Conducente;M;Rifiuta cure immediate;0;NON DECEDUTO;Non accertato;
2083004;8;12/06/2014 13:00;Strada Urbana;VIA CASILINA;all'intersezione semaforizzata con;VIA PIETRO BELON;VIA PIETRO BELON;;;Scontro frontale/laterale SX fra veicoli in marcia;Intersezione semaforizzata;Una carreggiata a doppio senso;Asciutto;Asfaltata;Verticale ed orizzontale;Sereno;Normale;Buona;Ore Diurne;2;0;0;1;12.58973;41.86766;-1;2;Ciclomotore;In marcia / fermata / arresto;Conducente;M;Ricoverato;0;NON DECEDUTO;Non accertato;
2083004;8;12/06/2014 13:00;Strada Urbana;VIA CASILINA;all'intersezione semaforizzata con;VIA PIETRO BELON;VIA PIETRO BELON;;;Scontro frontale/laterale SX fra veicoli in marcia;Intersezione semaforizzata;Una carreggiata a doppio senso;Asciutto;Asfaltata;Verticale ed orizzontale;Sereno;Normale;Buona;Ore Diurne;2;0;0;1;12.58973;41.86766;-1;2;Ciclomotore;In marcia / fermata / arresto;Passeggero;F;Illeso;0;;Non accertato;
2083008;5;12/06/2014 15:45;Strada Urbana;VIA ANTONIO BALDISSERA;in prossimità;;del civico n.;86;;Scontro laterale fra veicoli in marcia;Rettilineo;Una carreggiata a doppio senso;Asciutto;Asfaltata;Orizzontale;Nuvoloso;Normale;Buona;Ore Diurne;1;0;0;2;12.537952;41.8965985;-1;1;Autovettura privata;In marcia / fermata / arresto;Conducente;F;Illeso;0;;Non accertato;Inesploso