Protocollo;Gruppo;DataOraIncidente;Localizzazione1;STRADA1;Localizzazione2;STRADA2;Strada02;Chilometrica;DaSpecificare;NaturaIncidente;particolaritastrade;TipoStrada;FondoStradale;Pavimentazione;Segnaletica;CondizioneAtmosferica;Traffico;Visibilita;Illuminazione;NUM_FERITI;NUM_RISERVATA;NUM_MORTI;NUM_ILLESI;Longitudine;Latitudine;Confermato;Progressivo;TipoVeicolo;StatoVeicolo;TipoPersona;Sesso;Tipolesione;Deceduto;DecedutoDopo;CinturaCascoUtilizzato;Airbag
2091419;6;24/06/2014 00:45;Strada Urbana;VIA COLLATINA;in corrispondenza;;del civico n.;67 I;;Veicolo in marcia contro veicolo in sosta;Rettilineo;Una carreggiata a doppio senso;Asciutto;Asfaltata;Verticale ed orizzontale;Sereno;Scarso;Buona;Sufficiente;0;0;0;1;12.56265;41.89784;-1;2;Autovettura privata;In marcia / fermata / arresto;Conducente;M;Illeso;0;;Non accertato;Inesploso
2091427;3;23/06/2014 13:00;Strada Urbana;VIA DI VILLA PATRIZI;in corrispondenza;;del civico n.;5;;Scontro laterale fra veicoli in marcia;Rettilineo;Una carreggiata a senso unico di marcia;Asciutto;Asfaltata;Verticale ed orizzontale;Grandine in atto;Normale;Buona;Ore Diurne;0;0;0;2;12.5053204;41.9089436;-1;1;Autovettura privata;In marcia / fermata / arresto;Conducente;M;Illeso;0;;Non accertato;Inesploso
2091427;3;23/06/2014 13:00;Strada Urbana;VIA DI VILLA PATRIZI;in corrispondenza;;del civico n.;5;;Scontro laterale fra veicoli in marcia;Rettilineo;Una carreggiata a senso unico di marcia;Asciutto;Asfaltata;Verticale ed orizzontale;Grandine in atto;Normale;Buona;Ore Diurne;0;0;0;2;12.5053204;41.9089436;-1;2;Autovettura privata;In marcia / fermata / arresto;Conducente;M;Illeso;0;;Non accertato;Inesploso
2091430;17;22/06/2014 18:44;Strada Urbana;VIA MARCANTONIO BRAGADIN;all'intersezione con;VIA FRANCESCO SIVORI;VIA FRANCESCO SIVORI;;;Scontro frontale/laterale DX fra veicoli in marcia;Intersezione stradale segnalata;Una carreggiata a senso unico di marcia;Asciutto;Asfaltata;Verticale;Sereno;Normale;Buona;Ore Diurne;2;0;0;2;12.44704;41.90569;-1;1;Autovettura privata;In marcia / fermata / arresto;Conducente;M;Illeso;0;;;
2091430;17;22/06/2014 18:44;Strada Urbana;VIA MARCANTONIO BRAGADIN;all'intersezione con;VIA FRANCESCO SIVORI;VIA FRANCESCO SIVORI;;;Scontro frontale/laterale DX fra veicoli in marcia;Intersezione stradale segnalata;Una carreggiata a senso unico di marcia;Asciutto;Asfaltata;Verticale;Sereno;Normale;Buona;Ore Diurne;2;0;0;2;12.44704;41.90569;-1;2;Autovettura privata;In marcia / fermata / arresto;Conducente;M;Illeso;0;;;
2091430;17;22/06/2014 18:44;Strada Urbana;VIA MARCANTONIO BRAGADIN;all'intersezione con;VIA FRANCESCO SIVORI;VIA FRANCESCO SIVORI;;;Scontro frontale/laterale DX fra veicoli in marcia;Intersezione stradale segnalata;Una carreggiata a senso unico di marcia;Asciutto;Asfaltata;Verticale;Sereno;Normale;Buona;Ore Diurne;2;0;0;2;12.44704;41.90569;-1;2;Autovettura privata;In marcia / fermata / arresto;Passeggero;F;Rimandato;0;NON DECEDUTO;;
2091430;17;22/06/2014 18:44;Strada Urbana;VIA MARCANTONIO BRAGADIN;all'intersezione con;VIA FRANCESCO SIVORI;VIA FRANCESCO SIVORI;;;Scontro frontale/laterale DX fra veicoli in marcia;Intersezione stradale segnalata;Una carreggiata a senso unico di marcia;Asciutto;Asfaltata;Verticale;Sereno;Normale;Buona;Ore Diurne;2;0;0;2;12.44704;41.90569;-1;2;Autovettura privata;In marcia / fermata / arresto;Passeggero;F;Rimandato;0;NON DECEDUTO;;
2091433;19;23/06/2014 07:15;Strada Urbana;VIA DELLA PINETA SACCHETTI;da specificare;;;;parcheggio stazione FML3 Gemelli;Veicolo in marcia contro ostacolo accidentale;Rotatoria;Una carreggiata a senso unico di marcia;Asciutto;Con buche;Assente;Sereno;Scarso;Buona;Ore Diurne;0;0;0;1;12.42703;41.92761;-1;1;Autovettura privata;In marcia / fermata / arresto;Conducente;M;Illeso;0;;;
2091440;13;23/06/2014 14:30;Provinciale;VIA LITORANEA;da specificare;;;;"ALT. STABILIMENTO BALNEARE "" MECS VILLAGE""";Tamponamento Multiplo;Rettilineo;Una carreggiata a doppio senso;Asciutto;Asfaltata;Verticale ed orizzontale;Sereno;Intenso;Buona;Ore Diurne;5;0;0;1;12.34918;41.70166;-1;1;Autovettura privata;In marcia / fermata / arresto;Conducente;F;Illeso;0;;Non accertato;Inesploso
2091440;13;23/06/2014 14:30;Provinciale;VIA LITORANEA;da specificare;;;;"ALT. STABILIMENTO BALNEARE "" MECS VILLAGE""";Tamponamento Multiplo;Rettilineo;Una carreggiata a doppio senso;Asciutto;Asfaltata;Verticale ed orizzontale;Sereno;Intenso;Buona;Ore Diurne;5;0;0;1;12.34918;41.70166;-1;2;Autovettura privata;In marcia / fermata / arresto;Conducente;M;Rimandato;0;NON DECEDUTO;Non accertato;Inesploso
2091440;13;23/06/2014 14:30;Provinciale;VIA LITORANEA;da specificare;;;;"ALT. STABILIMENTO BALNEARE "" MECS VILLAGE""";Tamponamento Multiplo;Rettilineo;Una carreggiata a doppio senso;Asciutto;Asfaltata;Verticale ed orizzontale;Sereno;Intenso;Buona;Ore Diurne;5;0;0;1;12.34918;41.70166;-1;2;Autovettura privata;In marcia / fermata / arresto;Passeggero;F;Rimandato;0;NON DECEDUTO;Non accertato;Inesploso
2091440;13;23/06/2014 14:30;Provinciale;VIA LITORANEA;da specificare;;;;"ALT. STABILIMENTO BALNEARE "" MECS VILLAGE""";Tamponamento Multiplo;Rettilineo;Una carreggiata a doppio senso;Asciutto;Asfaltata;Verticale ed orizzontale;Sereno;Intenso;Buona;Ore Diurne;5;0;0;1;12.34918;41.70166;-1;2;Autovettura privata;In marcia / fermata / arresto;Passeggero;F;Rimandato;0;NON DECEDUTO;Non accertato;Inesploso
2091440;13;23/06/2014 14:30;Provinciale;VIA LITORANEA;da specificare;;;;"ALT. STABILIMENTO BALNEARE "" MECS VILLAGE""";Tamponamento Multiplo;Rettilineo;Una carreggiata a doppio senso;Asciutto;Asfaltata;Verticale ed orizzontale;Sereno;Intenso;Buona;Ore Diurne;5;0;0;1;12.34918;41.70166;-1;2;Autovettura privata;In marcia / fermata / arresto;Passeggero;F;Rimandato;0;NON DECEDUTO;Non accertato;Inesploso
2091440;13;23/06/2014 14:30;Provinciale;VIA LITORANEA;da specificare;;;;"ALT. STABILIMENTO BALNEARE "" MECS VILLAGE""";Tamponamento Multiplo;Rettilineo;Una carreggiata a doppio senso;Asciutto;Asfaltata;Verticale ed orizzontale;Sereno;Intenso;Buona;Ore Diurne;5;0;0;1;12.34918;41.70166;-1;3;Autovettura privata;In marcia / fermata / arresto;Conducente;M;Ricoverato;0;NON DECEDUTO;Non accertato;Inesploso
2091453;13;23/06/2014 20:30;Strada Urbana;VIA MARCELLO PUCCI BONCAMBI;all'intersezione con;VIA FRANCESCO GRENET;VIA FRANCESCO GRENET;;;Scontro frontale/laterale DX fra veicoli in marcia;Incrocio;Una carreggiata a senso unico di marcia;Asciutto;Asfaltata;Verticale;Sereno;Scarso;Buona;Sufficiente;3;0;0;0;12.26713;41.73615;-1;1;Autovettura privata;In marcia / fermata / arresto;Conducente;F;Rimandato;0;NON DECEDUTO;Non accertato;Inesploso
2091453;13;23/06/2014 20:30;Strada Urbana;VIA MARCELLO PUCCI BONCAMBI;all'intersezione con;VIA FRANCESCO GRENET;VIA FRANCESCO GRENET;;;Scontro frontale/laterale DX fra veicoli in marcia;Incrocio;Una carreggiata a senso unico di marcia;Asciutto;Asfaltata;Verticale;Sereno;Scarso;Buona;Sufficiente;3;0;0;0;12.26713;41.73615;-1;2;Autovettura privata;In marcia / fermata / arresto;Conducente;F;Rifiuta cure immediate;0;NON DECEDUTO;Non accertato;Inesploso
2091453;13;23/06/2014 20:30;Strada Urbana;VIA MARCELLO PUCCI BONCAMBI;all'intersezione con;VIA FRANCESCO GRENET;VIA FRANCESCO GRENET;;;Scontro frontale/laterale DX fra veicoli in marcia;Incrocio;Una carreggiata a senso unico di marcia;Asciutto;Asfaltata;Verticale;Sereno;Scarso;Buona;Sufficiente;3;0;0;0;12.26713;41.73615;-1;2;Autovettura privata;In marcia / fermata / arresto;Passeggero;F;Rifiuta cure immediate;0;NON DECEDUTO;Non accertato;Inesploso
2091464;3;23/06/2014 15:40;Strada Urbana;CIRCONVALLAZIONE TIBURTINA;da specificare;;;;prox. confluenza nuova  circonv. interna;Tamponamento Multiplo;Rettilineo;Due carreggiate;Asciutto;Asfaltata;Verticale ed orizzontale;Sereno;Intenso;Buona;Ore Diurne;0;0;0;4;12.52427;41.89554;-1;1;Autovettura privata;In marcia / fermata / arresto;Conducente;M;Illeso;0;;Non accertato;
2091464;3;23/06/2014 15:40;Strada Urbana;CIRCONVALLAZIONE TIBURTINA;da specificare;;;;prox. confluenza nuova  circonv. interna;Tamponamento Multiplo;Rettilineo;Due carreggiate;Asciutto;Asfaltata;Verticale ed orizzontale;Sereno;Intenso;Buona;Ore Diurne;0;0;0;4;12.52427;41.89554;-1;2;Autovettura privata;In marcia / fermata / arresto;Conducente;M;Illeso;0;;Non accertato;
2091464;3;23/06/2014 15:40;Strada Urbana;CIRCONVALLAZIONE TIBURTINA;da specificare;;;;prox. confluenza nuova  circonv. interna;Tamponamento Multiplo;Rettilineo;Due carreggiate;Asciutto;Asfaltata;Verticale ed orizzontale;Sereno;Intenso;Buona;Ore Diurne;0;0;0;4;12.52427;41.89554;-1;2;Autovettura privata;In marcia / fermata / arresto;Passeggero;M;Illeso;0;;Non accertato;
2091464;3;23/06/2014 15:40;Strada Urbana;CIRCONVALLAZIONE TIBURTINA;da specificare;;;;prox. confluenza nuova  circonv. interna;Tamponamento Multiplo;Rettilineo;Due carreggiate;Asciutto;Asfaltata;Verticale ed orizzontale;Sereno;Intenso;Buona;Ore Diurne;0;0;0;4;12.52427;41.89554;-1;3;Autovettura privata;In marcia / fermata / arresto;Conducente;F;Illeso;0;;;
2091476;12;20/06/2014 13:00;Strada Urbana;VIA LAURENTINA;all'intersezione semaforizzata con;VIALE DELL'UMANESIMO;VIALE DELL'UMANESIMO;;;Scontro laterale fra veicoli in marcia;Intersezione semaforizzata;Due carreggiate;Asciutto;Asfaltata;Verticale ed orizzontale;Sereno;Normale;Buona;Ore Diurne;0;0;0;2;12.48125;41.82021;-1;1;Autovettura privata;In marcia / fermata / arresto;Conducente;F;Illeso;0;;Utilizzato;Inesploso
2091476;12;20/06/2014 13:00;Strada Urbana;VIA LAURENTINA;all'intersezione semaforizzata con;VIALE DELL'UMANESIMO;VIALE DELL'UMANESIMO;;;Scontro laterale fra veicoli in marcia;Intersezione semaforizzata;Due carreggiate;Asciutto;Asfaltata;Verticale ed orizzontale;Sereno;Normale;Buona;Ore Diurne;0;0;0;2;12.48125;41.82021;-1;2;Autovettura privata;In marcia / fermata / arresto;Conducente;M;Illeso;0;;Utilizzato;Inesploso
2091513;2;23/06/2014 12:30;Strada Urbana;PIAZZALE MIGUEL CERVANTES;all'intersezione con;VIALE DELLE BELLE ARTI;VIALE DELLE BELLE ARTI;;;Scontro laterale fra veicoli in marcia;Intersezione stradale segnalata;Una carreggiata a doppio senso;Asciutto;Asfaltata;Verticale ed orizzontale;Sereno;Normale;Buona;Ore Diurne;0;0;0;2;12.47742;41.91869;-1;1;Autovettura privata;In marcia / fermata / arresto;Conducente;M;Illeso;0;;Non accertato;Inesploso
2091513;2;23/06/2014 12:30;Strada Urbana;PIAZZALE MIGUEL CERVANTES;all'intersezione con;VIALE DELLE BELLE ARTI;VIALE DELLE BELLE ARTI;;;Scontro laterale fra veicoli in marcia;Intersezione stradale segnalata;Una carreggiata a doppio senso;Asciutto;Asfaltata;Verticale ed orizzontale;Sereno;Normale;Buona;Ore Diurne;0;0;0;2;12.47742;41.91869;-1;2;Autovettura privata;In marcia / fermata / arresto;Conducente;M;Illeso;0;;Non accertato;Inesploso
2091516;4;23/06/2014 10:30;Strada Urbana;RAMPA G.R.A. CARREGGIATA ESTERNA;da specificare;;;;ALTEZZA VIA L MADDALENO;Scontro frontale fra veicoli in marcia;Curva senza visuale libera;Una carreggiata a doppio senso;Asciutto;Asfaltata;Verticale ed orizzontale;Sereno;Normale;Buona;Ore Diurne;0;0;0;3;12.78607;41.43936;-1;1;Autovettura privata;In marcia / fermata / arresto;Conducente;M;Illeso;0;;Non accertato;Inesploso
2091516;4;23/06/2014 10:30;Strada Urbana;RAMPA G.R.A. CARREGGIATA ESTERNA;da specificare;;;;ALTEZZA VIA L MADDALENO;Scontro frontale fra veicoli in marcia;Curva senza visuale libera;Una carreggiata a doppio senso;Asciutto;Asfaltata;Verticale ed orizzontale;Sereno;Normale;Buona;Ore Diurne;0;0;0;3;12.78607;41.43936;-1;1;Autovettura privata;In marcia / fermata / arresto;Passeggero;F;Illeso;0;;Non accertato;Inesploso
2091516;4;23/06/2014 10:30;Strada Urbana;RAMPA G.R.A. CARREGGIATA ESTERNA;da specificare;;;;ALTEZZA VIA L MADDALENO;Scontro frontale fra veicoli in marcia;Curva senza visuale libera;Una carreggiata a doppio senso;Asciutto;Asfaltata;Verticale ed orizzontale;Sereno;Normale;Buona;Ore Diurne;0;0;0;3;12.78607;41.43936;-1;2;Autovettura privata;In marcia / fermata / arresto;Conducente;M;Illeso;0;;Non accertato;Inesploso
2091522;4;23/06/2014 17:15;Strada Urbana;VIA MONTAPPONE;all'intersezione con;VIA CASTORANO;VIA CASTORANO;;;Scontro frontale/laterale SX fra veicoli in marcia;Incrocio;Una carreggiata a doppio senso;Asciutto;Asfaltata;Verticale;Sereno;Normale;Sufficiente;Ore Diurne;2;0;0;0;12.50911;41.98944;-1;1;Motociclo a solo;In marcia / fermata / arresto;Conducente;M;Rimandato;0;NON DECEDUTO;Non accertato;
2091522;4;23/06/2014 17:15;Strada Urbana;VIA MONTAPPONE;all'intersezione con;VIA CASTORANO;VIA CASTORANO;;;Scontro frontale/laterale SX fra veicoli in marcia;Incrocio;Una carreggiata a doppio senso;Asciutto;Asfaltata;Verticale;Sereno;Normale;Sufficiente;Ore Diurne;2;0;0;0;12.50911;41.98944;-1;2;Autocarro inferiore 35 q.;In marcia / fermata / arresto;Conducente;M;Rifiuta cure immediate;0;NON DECEDUTO;Non accertato;
2091525;4;23/06/2014 19:15;Strada Urbana;VIA DEI PRATI FISCALI;all'intersezione con;VIA VAL DI SANGRO;VIA VAL DI SANGRO;;;Scontro laterale fra veicoli in marcia;Incrocio;Due carreggiate;Asciutto;Asfaltata;Orizzontale;Sereno;Normale;Buona;Ore Diurne;1;0;0;1;12.5161;41.94608;-1;1;Autovettura privata;In marcia / fermata / arresto;Conducente;F;Illeso;0;;Non accertato;Inesploso
2091525;4;23/06/2014 19:15;Strada Urbana;VIA DEI PRATI FISCALI;all'intersezione con;VIA VAL DI SANGRO;VIA VAL DI SANGRO;;;Scontro laterale fra veicoli in marcia;Incrocio;Due carreggiate;Asciutto;Asfaltata;Orizzontale;Sereno;Normale;Buona;Ore Diurne;1;0;0;1;12.5161;41.94608;-1;2;Motociclo a solo;In marcia / fermata / arresto;Conducente;M;Rimandato;0;NON DECEDUTO;Non accertato;
2091528;4;23/06/2014 12:45;Statale;VIA SALARIA;da specificare;;;;altezza km 19.400;Scontro frontale fra veicoli in marcia;Rettilineo;Una carreggiata a doppio senso;Asciutto;Asfaltata;Verticale ed orizzontale;Sereno;Normale;Buona;Ore Diurne;0;1;0;1;12.51691;41.99645;-1;1;Autovettura privata;In marcia / fermata / arresto;Conducente;M;Prognosi riservata;0;NON DECEDUTO;Non accertato;
2091528;4;23/06/2014 12:45;Statale;VIA SALARIA;da specificare;;;;altezza km 19.400;Scontro frontale fra veicoli in marcia;Rettilineo;Una carreggiata a doppio senso;Asciutto;Asfaltata;Verticale ed orizzontale;Sereno;Normale;Buona;Ore Diurne;0;1;0;1;12.51691;41.99645;-1;2;Autocarro inferiore 35 q.;In marcia / fermata / arresto;Conducente;M;Illeso;0;;Non accertato;
2091542;17;23/06/2014 17:20;Strada Urbana;VIA MARCANTONIO BRAGADIN;all'intersezione con;VIA GIORGIO SCALIA;VIA GIORGIO SCALIA;;;Scontro frontale/laterale DX fra veicoli in marcia;Incrocio;Una carreggiata a doppio senso;Asciutto;Asfaltata;Verticale ed orizzontale;Sereno;Normale;Buona;Ore Diurne;1;0;0;1;12.44523;41.90674;-1;1;Autovettura privata;In marcia / fermata / arresto;Conducente;M;Illeso;0;;Non accertato;Inesploso
2091542;17;23/06/2014 17:20;Strada Urbana;VIA MARCANTONIO BRAGADIN;all'intersezione con;VIA GIORGIO SCALIA;VIA GIORGIO SCALIA;;;Scontro frontale/laterale DX fra veicoli in marcia;Incrocio;Una carreggiata a doppio senso;Asciutto;Asfaltata;Verticale ed orizzontale;Sereno;Normale;Buona;Ore Diurne;1;0;0;1;12.44523;41.90674;-1;2;Ciclomotore;In marcia / fermata / arresto;Conducente;F;Rimandato;0;NON DECEDUTO;Non accertato;
2091544;1;23/06/2014 23:45;Strada Urbana;LUNGOTEVERE DEI VALLATI;da specificare;;;;fronte civico 22;Veicolo in marcia contro veicolo in sosta;Rettilineo;Una carreggiata a senso unico di marcia;Asciutto;Asfaltata;Verticale ed orizzontale;Sereno;Normale;Sufficiente;Sufficiente;0;0;0;1;12.47267;41.89192;-1;1;Autovettura privata;In marcia / fermata / arresto;Conducente;M;Illeso;0;;Non accertato;Inesploso
2091558;12;20/06/2014 18:15;Regionale;VIA PONTINA;da specificare;;;;direz.ROMA altezza KM12,800;Tamponamento Multiplo;Rettilineo;Due carreggiate;Asciutto;Asfaltata;Verticale ed orizzontale;Sereno;Intenso;Buona;Ore Diurne;0;0;0;4;12.45072;41.78954;-1;1;Autovettura privata;In marcia / fermata / arresto;Conducente;F;Illeso;0;;Utilizzato;Inesploso
2091558;12;20/06/2014 18:15;Regionale;VIA PONTINA;da specificare;;;;direz.ROMA altezza KM12,800;Tamponamento Multiplo;Rettilineo;Due carreggiate;Asciutto;Asfaltata;Verticale ed orizzontale;Sereno;Intenso;Buona;Ore Diurne;0;0;0;4;12.45072;41.78954;-1;2;Autovettura privata;In marcia / fermata / arresto;Conducente;M;Illeso;0;;Utilizzato;Inesploso
2091558;12;20/06/2014 18:15;Regionale;VIA PONTINA;da specificare;;;;direz.ROMA altezza KM12,800;Tamponamento Multiplo;Rettilineo;Due carreggiate;Asciutto;Asfaltata;Verticale ed orizzontale;Sereno;Intenso;Buona;Ore Diurne;0;0;0;4;12.45072;41.78954;-1;2;Autovettura privata;In marcia / fermata / arresto;Passeggero;M;Illeso;0;;Utilizzato;Inesploso
2091558;12;20/06/2014 18:15;Regionale;VIA PONTINA;da specificare;;;;direz.ROMA altezza KM12,800;Tamponamento Multiplo;Rettilineo;Due carreggiate;Asciutto;Asfaltata;Verticale ed orizzontale;Sereno;Intenso;Buona;Ore Diurne;0;0;0;4;12.45072;41.78954;-1;3;Autovettura privata;In marcia / fermata / arresto;Conducente;F;Illeso;0;;Utilizzato;Inesploso
2091574;18;20/06/2014 14:15;Strada Urbana;VIA AURELIA;all'intersezione con;VIA DEI CASALI SANTOVETTI;VIA DEI CASALI SANTOVETTI;;;Scontro laterale fra veicoli in marcia;Incrocio;Una carreggiata a doppio senso;Asciutto;Asfaltata;Verticale ed orizzontale;Sereno;Normale;Buona;Ore Diurne;0;0;0;6;12.40651;41.88881;-1;1;Autovettura privata;In marcia / fermata / arresto;Conducente;F;Illeso;0;;Non accertato;Inesploso
2091574;18;20/06/2014 14:15;Strada Urbana;VIA AURELIA;all'intersezione con;VIA DEI CASALI SANTOVETTI;VIA DEI CASALI SANTOVETTI;;;Scontro laterale fra veicoli in marcia;Incrocio;Una carreggiata a doppio senso;Asciutto;Asfaltata;Verticale ed orizzontale;Sereno;Normale;Buona;Ore Diurne;0;0;0;6;12.40651;41.88881;-1;2;Autovettura privata;In marcia / fermata / arresto;Conducente;M;Illeso;0;;Non accertato;Inesploso
2091574;18;20/06/2014 14:15;Strada Urbana;VIA AURELIA;all'intersezione con;VIA DEI CASALI SANTOVETTI;VIA DEI CASALI SANTOVETTI;;;Scontro laterale fra veicoli in marcia;Incrocio;Una carreggiata a doppio senso;Asciutto;Asfaltata;Verticale ed orizzontale;Sereno;Normale;Buona;Ore Diurne;0;0;0;6;12.40651;41.88881;-1;2;Autovettura privata;In marcia / fermata / arresto;Passeggero;F;Illeso;0;;Non accertato;Inesploso
2091574;18;20/06/2014 14:15;Strada Urbana;VIA AURELIA;all'intersezione con;VIA DEI CASALI SANTOVETTI;VIA DEI CASALI SANTOVETTI;;;Scontro laterale fra veicoli in marcia;Incrocio;Una carreggiata a doppio senso;Asciutto;Asfaltata;Verticale ed orizzontale;Sereno;Normale;Buona;Ore Diurne;0;0;0;6;12.40651;41.88881;-1;2;Autovettura privata;In marcia / fermata / arresto;Passeggero;F;Illeso;0;;Non accertato;Inesploso
2091574;18;20/06/2014 14:15;Strada Urbana;VIA AURELIA;all'intersezione con;VIA DEI CASALI SANTOVETTI;VIA DEI CASALI SANTOVETTI;;;Scontro laterale fra veicoli in marcia;Incrocio;Una carreggiata a doppio senso;Asciutto;Asfaltata;Verticale ed orizzontale;Sereno;Normale;Buona;Ore Diurne;0;0;0;6;12.40651;41.88881;-1;2;Autovettura privata;In marcia / fermata / arresto;Passeggero;F;Illeso;0;;Non accertato;Inesploso
2091574;18;20/06/2014 14:15;Strada Urbana;VIA AURELIA;all'intersezione con;VIA DEI CASALI SANTOVETTI;VIA DEI CASALI SANTOVETTI;;;Scontro laterale fra veicoli in marcia;Incrocio;Una carreggiata a doppio senso;Asciutto;Asfaltata;Verticale ed orizzontale;Sereno;Normale;Buona;Ore Diurne;0;0;0;6;12.40651;41.88881;-1;2;Autovettura privata;In marcia / fermata / arresto;Passeggero;M;Illeso;0;;Non accertato;Inesploso
2091579;15;23/06/2014 22:15;Strada Urbana;VIA QUIRINO MAJORANA;in corrispondenza;;del civico n.;223;;Tamponamento;Rettilineo;Due carreggiate;Asciutto;Asfaltata;Verticale ed orizzontale;Sereno;Scarso;Sufficiente;Sufficiente;0;0;0;2;12.46131;41.86942;-1;1;Autovettura privata;In marcia / fermata / arresto;Conducente;M;Illeso;0;;;
2091579;15;23/06/2014 22:15;Strada Urbana;VIA QUIRINO MAJORANA;in corrispondenza;;del civico n.;223;;Tamponamento;Rettilineo;Due carreggiate;Asciutto;Asfaltata;Verticale ed orizzontale;Sereno;Scarso;Sufficiente;Sufficiente;0;0;0;2;12.46131;41.86942;-1;2;Autovettura privata;In marcia / fermata / arresto;Conducente;M;Illeso;0;;;
2091596;17;23/06/2014 09:05;Strada Urbana;PIAZZA GIUSEPPE MAZZINI;all'intersezione con;VIA LUIGI SETTEMBRINI;VIA LUIGI SETTEMBRINI;;;Investimento di pedone;Incrocio;Due carreggiate;Asciutto;Asfaltata;Verticale ed orizzontale;Sereno;Normale;Buona;Ore Diurne;1;0;0;1;12.46403;41.91559;-1;;;;Pedone;F;Rimandato;0;NON DECEDUTO;;
2091596;17;23/06/2014 09:05;Strada Urbana;PIAZZA GIUSEPPE MAZZINI;all'intersezione con;VIA LUIGI SETTEMBRINI;VIA LUIGI SETTEMBRINI;;;Investimento di pedone;Incrocio;Due carreggiate;Asciutto;Asfaltata;Verticale ed orizzontale;Sereno;Normale;Buona;Ore Diurne;1;0;0;1;12.46403;41.91559;-1;1;Autovettura privata;In marcia / fermata / arresto;Conducente;F;Illeso;0;;;
2091599;12;20/06/2014 18:55;Strada Urbana;PIAZZALE LUIGI STURZO;all'intersezione con;VIA CHOPIN;VIA CHOPIN;;;Scontro frontale/laterale DX fra veicoli in marcia;Incrocio;Una carreggiata a doppio senso;Asciutto;Asfaltata;Verticale ed orizzontale;Sereno;Normale;Buona;Ore Diurne;0;0;0;2;12.46763;41.83487;-1;1;Autovettura privata;In marcia / fermata / arresto;Conducente;M;Illeso;0;;Utilizzato;Inesploso
2091599;12;20/06/2014 18:55;Strada Urbana;PIAZZALE LUIGI STURZO;all'intersezione con;VIA CHOPIN;VIA CHOPIN;;;Scontro frontale/laterale DX fra veicoli in marcia;Incrocio;Una carreggiata a doppio senso;Asciutto;Asfaltata;Verticale ed orizzontale;Sereno;Normale;Buona;Ore Diurne;0;0;0;2;12.46763;41.83487;-1;2;Autovettura di soccorso;In marcia / fermata / arresto;Conducente;M;Illeso;0;;Utilizzato;Inesploso
2091601;1;23/06/2014 15:20;Strada Urbana;VIA CRISTOFORO COLOMBO;all'intersezione semaforizzata con;VIALE MARCO POLO;VIALE MARCO POLO;;;Tamponamento;Incrocio;Più di due carreggiate;Asciutto;Asfaltata;Verticale ed orizzontale;Sereno;Normale;Buona;Ore Diurne;1;0;0;1;12.42252;41.8056;-1;1;Autovettura privata;In marcia / fermata / arresto;Conducente;F;Rifiuta cure immediate;0;NON DECEDUTO;Non accertato;
2091601;1;23/06/2014 15:20;Strada Urbana;VIA CRISTOFORO COLOMBO;all'intersezione semaforizzata con;VIALE MARCO POLO;VIALE MARCO POLO;;;Tamponamento;Incrocio;Più di due carreggiate;Asciutto;Asfaltata;Verticale ed orizzontale;Sereno;Normale;Buona;Ore Diurne;1;0;0;1;12.42252;41.8056;-1;2;Autocarro inferiore 35 q.;In marcia / fermata / arresto;Conducente;M;Illeso;0;;Non accertato;
2091602;2;23/06/2014 18:30;Strada Urbana;VIA DI VILLA ADA;all'intersezione con;VIA LARIANA;VIA LARIANA;;;Scontro frontale/laterale DX fra veicoli in marcia;Incrocio;Due carreggiate;Asciutto;Asfaltata;Verticale;Sereno;Normale;Sufficiente;Ore Diurne;0;0;0;3;12.50559;41.92416;-1;1;Autovettura privata;In marcia / fermata / arresto;Conducente;F;Illeso;0;;Non accertato;Inesploso
2091602;2;23/06/2014 18:30;Strada Urbana;VIA DI VILLA ADA;all'intersezione con;VIA LARIANA;VIA LARIANA;;;Scontro frontale/laterale DX fra veicoli in marcia;Incrocio;Due carreggiate;Asciutto;Asfaltata;Verticale;Sereno;Normale;Sufficiente;Ore Diurne;0;0;0;3;12.50559;41.92416;-1;1;Autovettura privata;In marcia / fermata / arresto;Passeggero;F;Illeso;0;;Non accertato;Inesploso
2091602;2;23/06/2014 18:30;Strada Urbana;VIA DI VILLA ADA;all'intersezione con;VIA LARIANA;VIA LARIANA;;;Scontro frontale/laterale DX fra veicoli in marcia;Incrocio;Due carreggiate;Asciutto;Asfaltata;Verticale;Sereno;Normale;Sufficiente;Ore Diurne;0;0;0;3;12.50559;41.92416;-1;2;Autovettura privata;In marcia / fermata / arresto;Conducente;M;Illeso;0;;Non accertato;Inesploso
2091610;10;24/06/2014 10:30;Strada Urbana;VIALE PALMIRO TOGLIATTI;all'intersezione semaforizzata con;VIA QUINTO PUBLICIO;VIA QUINTO PUBLICIO;;;Scontro laterale fra veicoli in marcia;Intersezione semaforizzata;Due carreggiate;Asciutto;Asfaltata;Verticale ed orizzontale;Sereno;Normale;Buona;Ore Diurne;0;0;0;2;12.57122;41.85614;-1;1;Autovettura privata;In marcia / fermata / arresto;Conducente;M;Illeso;0;;Non accertato;Inesploso
2091610;10;24/06/2014 10:30;Strada Urbana;VIALE PALMIRO TOGLIATTI;all'intersezione semaforizzata con;VIA QUINTO PUBLICIO;VIA QUINTO PUBLICIO;;;Scontro laterale fra veicoli in marcia;Intersezione semaforizzata;Due carreggiate;Asciutto;Asfaltata;Verticale ed orizzontale;Sereno;Normale;Buona;Ore Diurne;0;0;0;2;12.57122;41.85614;-1;2;Autovettura privata;In marcia / fermata / arresto;Conducente;M;Illeso;0;;Non accertato;Inesploso