Protocollo;Gruppo;DataOraIncidente;Localizzazione1;STRADA1;Localizzazione2;STRADA2;Strada02;Chilometrica;DaSpecificare;NaturaIncidente;particolaritastrade;TipoStrada;FondoStradale;Pavimentazione;Segnaletica;CondizioneAtmosferica;Traffico;Visibilita;Illuminazione;NUM_FERITI;NUM_RISERVATA;NUM_MORTI;NUM_ILLESI;Longitudine;Latitudine;Confermato;Progressivo;TipoVeicolo;StatoVeicolo;TipoPersona;Sesso;Tipolesione;Deceduto;DecedutoDopo;CinturaCascoUtilizzato;Airbag
2093386;16;25/06/2014 09:50;Strada Urbana;VIA FONTEIANA;in prossimità;;del civico n.;F.C.148;;Scontro laterale fra veicoli in marcia;Rettilineo;Una carreggiata a senso unico di marcia;Asciutto;Asfaltata;Verticale ed orizzontale;Nuvoloso;Normale;Buona;Ore Diurne;0;0;0;3;12.45388;41.87869;-1;2;Motociclo a solo;In marcia / fermata / arresto;Conducente;M;Illeso;0;;Non accertato;
2093393;2;26/06/2014 10:55;Strada Urbana;VIA PO;all'intersezione con;VIA TIRSO;VIA TIRSO;;;Scontro frontale/laterale DX fra veicoli in marcia;Incrocio;Una carreggiata a doppio senso;Asciutto;Asfaltata;Verticale ed orizzontale;Nuvoloso;Normale;Buona;Ore Diurne;1;0;0;0;12.49565;41.91486;-1;1;Motociclo a solo;In marcia / fermata / arresto;Conducente;M;Rimandato;0;NON DECEDUTO;Non accertato;
2093394;15;26/06/2014 08:10;Strada Urbana;VIA PORTUENSE;all'intersezione semaforizzata con;VIA DELLA MAGLIANA;VIA DELLA MAGLIANA;;;Veicolo in marcia contro ostacolo accidentale;Intersezione semaforizzata;Una carreggiata a doppio senso;Viscido da liquidi oleosi;Asfaltata;Verticale ed orizzontale;Nuvoloso;Normale;Buona;Ore Diurne;0;0;0;1;12.40939;41.84342;-1;1;Motociclo a solo;In marcia / fermata / arresto;Conducente;M;Illeso;0;;Utilizzato;Inesistente
2093396;16;25/06/2014 08:45;Strada Urbana;CIRCONVALLAZIONE GIANICOLENSE;da specificare;;;;PER VIA DI FORTE BRAVETTA;Tamponamento;Rettilineo;Due carreggiate;Asciutto;Asfaltata;Verticale ed orizzontale;Nuvoloso;Normale;Buona;Ore Diurne;1;0;0;1;12.44956;41.87247;-1;1;Motociclo a solo;In marcia / fermata / arresto;Conducente;F;Rimandato;0;NON DECEDUTO;Non accertato;
2093396;16;25/06/2014 08:45;Strada Urbana;CIRCONVALLAZIONE GIANICOLENSE;da specificare;;;;PER VIA DI FORTE BRAVETTA;Tamponamento;Rettilineo;Due carreggiate;Asciutto;Asfaltata;Verticale ed orizzontale;Nuvoloso;Normale;Buona;Ore Diurne;1;0;0;1;12.44956;41.87247;-1;2;Autovettura privata;In marcia / fermata / arresto;Conducente;F;Illeso;0;;Non accertato;
2093403;16;25/06/2014 23:00;Strada Urbana;CIRCONVALLAZIONE GIANICOLENSE;all'intersezione semaforizzata con;VIA CLELIA GAROFOLINI;VIA CLELIA GAROFOLINI;;;Infortunio per caduta del veicolo;Incrocio;Più di due carreggiate;Viscido da liquidi oleosi;Asfaltata;Verticale ed orizzontale;Sereno;Scarso;Buona;Sufficiente;1;0;0;0;12.44956;41.87247;-1;1;Motociclo a solo;In marcia / fermata / arresto;Conducente;M;Rimandato;0;NON DECEDUTO;Non accertato;
2093497;18;26/06/2014 07:40;Strada Urbana;VIA ALBERTO BOLOGNETTI;all'intersezione con;VIA DEL FORTE BRASCHI;VIA DEL FORTE BRASCHI;;;Scontro laterale fra veicoli in marcia;Intersezione semaforizzata;Due carreggiate;Asciutto;Asfaltata;Verticale ed orizzontale;Nuvoloso;Normale;Buona;Ore Diurne;1;0;0;1;12.42251;41.91605;-1;1;Autovettura privata;In marcia / fermata / arresto;Conducente;M;Illeso;0;;Non accertato;Inesploso
2093497;18;26/06/2014 07:40;Strada Urbana;VIA ALBERTO BOLOGNETTI;all'intersezione con;VIA DEL FORTE BRASCHI;VIA DEL FORTE BRASCHI;;;Scontro laterale fra veicoli in marcia;Intersezione semaforizzata;Due carreggiate;Asciutto;Asfaltata;Verticale ed orizzontale;Nuvoloso;Normale;Buona;Ore Diurne;1;0;0;1;12.42251;41.91605;-1;2;Motociclo a solo;In marcia / fermata / arresto;Conducente;M;Rimandato;0;NON DECEDUTO;Non accertato;
2093519;1;25/06/2014 08:15;Strada Urbana;VIA DELLE TERME DI DIOCLEZIANO;all'intersezione con;VIA DEL VIMINALE;VIA DEL VIMINALE;;;Scontro laterale fra veicoli in marcia;Incrocio;Una carreggiata a senso unico di marcia;Asciutto;Asfaltata;Verticale ed orizzontale;Nuvoloso;Normale;Buona;Ore Diurne;0;0;0;2;12.49758;41.90147;-1;1;Autovettura privata;In marcia / fermata / arresto;Conducente;M;Illeso;0;;Non accertato;Inesploso
2093519;1;25/06/2014 08:15;Strada Urbana;VIA DELLE TERME DI DIOCLEZIANO;all'intersezione con;VIA DEL VIMINALE;VIA DEL VIMINALE;;;Scontro laterale fra veicoli in marcia;Incrocio;Una carreggiata a senso unico di marcia;Asciutto;Asfaltata;Verticale ed orizzontale;Nuvoloso;Normale;Buona;Ore Diurne;0;0;0;2;12.49758;41.90147;-1;2;Autovettura privata;In marcia / fermata / arresto;Conducente;F;Illeso;0;;Non accertato;Inesploso
2093537;1;24/06/2014 14:50;Strada Urbana;LUNGOTEVERE DE' CENCI;in prossimità;;del civico n.;5;;Scontro laterale fra veicoli in marcia;Rettilineo;Una carreggiata a senso unico di marcia;Asciutto;Asfaltata;Verticale ed orizzontale;Sereno;Intenso;Buona;Ore Diurne;0;0;0;1;12.47558;41.89187;-1;1;Autovettura privata;In marcia / fermata / arresto;Conducente;M;Illeso;0;;Non accertato;Inesploso
2093547;1;25/06/2014 11:45;Strada Urbana;VIA MASTRO GIORGIO;all'intersezione con;VIA ALESSANDRO VOLTA;VIA ALESSANDRO VOLTA;;;Scontro frontale/laterale SX fra veicoli in marcia;Incrocio;Due carreggiate;Asciutto;Asfaltata;Assente;Nuvoloso;Scarso;Buona;Ore Diurne;0;0;0;3;12.47689;41.87914;-1;1;Autovettura privata;In marcia / fermata / arresto;Conducente;M;Illeso;0;;Non accertato;
2093547;1;25/06/2014 11:45;Strada Urbana;VIA MASTRO GIORGIO;all'intersezione con;VIA ALESSANDRO VOLTA;VIA ALESSANDRO VOLTA;;;Scontro frontale/laterale SX fra veicoli in marcia;Incrocio;Due carreggiate;Asciutto;Asfaltata;Assente;Nuvoloso;Scarso;Buona;Ore Diurne;0;0;0;3;12.47689;41.87914;-1;2;Autovettura privata;In marcia / fermata / arresto;Conducente;M;Illeso;0;;Non accertato;
2093547;1;25/06/2014 11:45;Strada Urbana;VIA MASTRO GIORGIO;all'intersezione con;VIA ALESSANDRO VOLTA;VIA ALESSANDRO VOLTA;;;Scontro frontale/laterale SX fra veicoli in marcia;Incrocio;Due carreggiate;Asciutto;Asfaltata;Assente;Nuvoloso;Scarso;Buona;Ore Diurne;0;0;0;3;12.47689;41.87914;-1;2;Autovettura privata;In marcia / fermata / arresto;Passeggero;M;Illeso;0;;;
2093563;1;25/06/2014 09:30;Strada Urbana;LUNGOTEVERE DEGLI ALBERTESCHI;all'intersezione con;PIAZZA CASTELLANI;PIAZZA CASTELLANI;;;Scontro laterale fra veicoli in marcia;Incrocio;Una carreggiata a senso unico di marcia;Asciutto;Asfaltata;Verticale ed orizzontale;Nuvoloso;Normale;Buona;Ore Diurne;0;0;0;2;12.47759;41.88938;-1;1;Autovettura privata;In marcia / fermata / arresto;Conducente;M;Illeso;0;;Non accertato;
2093563;1;25/06/2014 09:30;Strada Urbana;LUNGOTEVERE DEGLI ALBERTESCHI;all'intersezione con;PIAZZA CASTELLANI;PIAZZA CASTELLANI;;;Scontro laterale fra veicoli in marcia;Incrocio;Una carreggiata a senso unico di marcia;Asciutto;Asfaltata;Verticale ed orizzontale;Nuvoloso;Normale;Buona;Ore Diurne;0;0;0;2;12.47759;41.88938;-1;2;Autovettura privata;In marcia / fermata / arresto;Conducente;F;Illeso;0;;Non accertato;
2093589;1;25/06/2014 11:30;Strada Urbana;VIA CARLO TAVOLACCI;all'intersezione con;VICOLO DI S. FRANCESCO A RIPA;VICOLO DI S. FRANCESCO A RIPA;;;Veicolo in marcia contro veicolo in sosta;Incrocio;Una carreggiata a senso unico di marcia;Asciutto;In cubetti di porfido;Verticale ed orizzontale;Sereno;Scarso;Buona;Ore Diurne;0;0;0;1;12.47156;41.88568;-1;2;Autovettura privata;In marcia / fermata / arresto;Conducente;M;Illeso;0;;Non accertato;
2093595;1;25/06/2014 13:40;Strada Urbana;VIA MARMORATA;all'intersezione semaforizzata con;LARGO MANLIO GELSOMINI;LARGO MANLIO GELSOMINI;;;Scontro frontale/laterale SX fra veicoli in marcia;Intersezione semaforizzata;Una carreggiata a doppio senso;Asciutto;In cubetti di porfido;Verticale ed orizzontale;Nuvoloso;Normale;Buona;Ore Diurne;0;0;0;2;12.47921;41.8787;-1;1;Autovettura privata;In marcia / fermata / arresto;Conducente;F;Illeso;0;;Non accertato;
2093595;1;25/06/2014 13:40;Strada Urbana;VIA MARMORATA;all'intersezione semaforizzata con;LARGO MANLIO GELSOMINI;LARGO MANLIO GELSOMINI;;;Scontro frontale/laterale SX fra veicoli in marcia;Intersezione semaforizzata;Una carreggiata a doppio senso;Asciutto;In cubetti di porfido;Verticale ed orizzontale;Nuvoloso;Normale;Buona;Ore Diurne;0;0;0;2;12.47921;41.8787;-1;2;Autovettura privata;In marcia / fermata / arresto;Conducente;M;Illeso;0;;Non accertato;
2093607;1;25/06/2014 14:00;Strada Urbana;PIAZZA VITTORIO EMANUELE II;in corrispondenza;;del civico n.;1121;;Investimento di pedone;Rettilineo;Una carreggiata a doppio senso;Asciutto;Asfaltata;Verticale ed orizzontale;Nuvoloso;Normale;Buona;Ore Diurne;1;0;0;1;12.50347;41.89422;-1;;;;Pedone;M;Ricoverato;0;NON DECEDUTO;;
2093607;1;25/06/2014 14:00;Strada Urbana;PIAZZA VITTORIO EMANUELE II;in corrispondenza;;del civico n.;1121;;Investimento di pedone;Rettilineo;Una carreggiata a doppio senso;Asciutto;Asfaltata;Verticale ed orizzontale;Nuvoloso;Normale;Buona;Ore Diurne;1;0;0;1;12.50347;41.89422;-1;1;Autovettura privata;In marcia / fermata / arresto;Conducente;M;Illeso;0;;Non accertato;
2093620;1;25/06/2014 20:40;Strada Urbana;VIA ELENIANA;all'intersezione con;VIA GERMANO SOMMEILLER;VIA GERMANO SOMMEILLER;;;Infortunio per sola frenata improvvisa;Incrocio;Una carreggiata a senso unico di marcia;Asciutto;Asfaltata;Assente;Sereno;Normale;Buona;Ore Diurne;1;0;0;2;12.51459;41.8906;-1;1;Autovettura privata;In marcia / fermata / arresto;Conducente;F;Illeso;0;;Non accertato;Inesploso
2093620;1;25/06/2014 20:40;Strada Urbana;VIA ELENIANA;all'intersezione con;VIA GERMANO SOMMEILLER;VIA GERMANO SOMMEILLER;;;Infortunio per sola frenata improvvisa;Incrocio;Una carreggiata a senso unico di marcia;Asciutto;Asfaltata;Assente;Sereno;Normale;Buona;Ore Diurne;1;0;0;2;12.51459;41.8906;-1;2;Motociclo con passeggero;In marcia / fermata / arresto;Conducente;M;Illeso;0;;Non accertato;
2093620;1;25/06/2014 20:40;Strada Urbana;VIA ELENIANA;all'intersezione con;VIA GERMANO SOMMEILLER;VIA GERMANO SOMMEILLER;;;Infortunio per sola frenata improvvisa;Incrocio;Una carreggiata a senso unico di marcia;Asciutto;Asfaltata;Assente;Sereno;Normale;Buona;Ore Diurne;1;0;0;2;12.51459;41.8906;-1;2;Motociclo con passeggero;In marcia / fermata / arresto;Passeggero;F;Rimandato;0;NON DECEDUTO;Non accertato;
2093629;6;26/06/2014 17:10;Strada Urbana;VIA ROBERTO MALATESTA;all'intersezione con;VIA ALFONSO ANTONINI;VIA ALFONSO ANTONINI;;;Scontro laterale fra veicoli in marcia;Incrocio;Due carreggiate;Asciutto;Asfaltata;Orizzontale;Sereno;Normale;Buona;Ore Diurne;1;0;0;2;12.54234;41.88715;-1;1;Autovettura privata;In marcia / fermata / arresto;Conducente;F;Illeso;0;;Non accertato;Inesploso
2093629;6;26/06/2014 17:10;Strada Urbana;VIA ROBERTO MALATESTA;all'intersezione con;VIA ALFONSO ANTONINI;VIA ALFONSO ANTONINI;;;Scontro laterale fra veicoli in marcia;Incrocio;Due carreggiate;Asciutto;Asfaltata;Orizzontale;Sereno;Normale;Buona;Ore Diurne;1;0;0;2;12.54234;41.88715;-1;1;Autovettura privata;In marcia / fermata / arresto;Passeggero;F;Illeso;0;;Non accertato;Inesploso
2093629;6;26/06/2014 17:10;Strada Urbana;VIA ROBERTO MALATESTA;all'intersezione con;VIA ALFONSO ANTONINI;VIA ALFONSO ANTONINI;;;Scontro laterale fra veicoli in marcia;Incrocio;Due carreggiate;Asciutto;Asfaltata;Orizzontale;Sereno;Normale;Buona;Ore Diurne;1;0;0;2;12.54234;41.88715;-1;2;Motociclo a solo;In marcia / fermata / arresto;Conducente;M;Rimandato;0;NON DECEDUTO;;
2093645;1;24/06/2014 20:30;Strada Urbana;VIA QUATTRO NOVEMBRE;in prossimità;;del civico n.;141/147;;Veicolo in marcia contro ostacolo accidentale;Rettilineo;Una carreggiata a doppio senso;Viscido da liquidi oleosi;In cubetti di porfido;Orizzontale;Sereno;Normale;Buona;Ore Diurne;0;0;0;1;12.48537;41.89664;-1;1;Motociclo a solo;In marcia / fermata / arresto;Conducente;M;Illeso;0;;Non accertato;
2093655;1;24/06/2014 20:30;Strada Urbana;VIA QUATTRO NOVEMBRE;in prossimità;;del civico n.;151 /147;;Veicolo in marcia contro ostacolo accidentale;Rettilineo;Una carreggiata a doppio senso;Viscido da liquidi oleosi;In cubetti di porfido;Orizzontale;Sereno;Normale;Buona;Ore Diurne;1;0;0;1;12.48543;41.89676;-1;1;Ciclomotore;In marcia / fermata / arresto;Conducente;M;Rimandato;0;NON DECEDUTO;Non accertato;
2093655;1;24/06/2014 20:30;Strada Urbana;VIA QUATTRO NOVEMBRE;in prossimità;;del civico n.;151 /147;;Veicolo in marcia contro ostacolo accidentale;Rettilineo;Una carreggiata a doppio senso;Viscido da liquidi oleosi;In cubetti di porfido;Orizzontale;Sereno;Normale;Buona;Ore Diurne;1;0;0;1;12.48543;41.89676;-1;2;Autobus di linea;In marcia / fermata / arresto;Conducente;M;Illeso;0;;Non accertato;Inesistente
2093666;10;26/06/2014 18:05;Strada Urbana;VIA TUSCOLANA;in prossimità;;del civico n.;1788;;Scontro laterale fra veicoli in marcia;Rettilineo;Due carreggiate;Asciutto;Asfaltata;Verticale ed orizzontale;Sereno;Intenso;Buona;Ore Diurne;0;0;0;2;12.58376;41.84285;-1;1;Autovettura privata;In marcia / fermata / arresto;Conducente;M;Illeso;0;;Non accertato;Inesploso
2093666;10;26/06/2014 18:05;Strada Urbana;VIA TUSCOLANA;in prossimità;;del civico n.;1788;;Scontro laterale fra veicoli in marcia;Rettilineo;Due carreggiate;Asciutto;Asfaltata;Verticale ed orizzontale;Sereno;Intenso;Buona;Ore Diurne;0;0;0;2;12.58376;41.84285;-1;2;Autobus di linea;In marcia / fermata / arresto;Conducente;M;Illeso;0;;Esente;Inesistente
2093672;1;24/06/2014 20:30;Strada Urbana;VIA QUATTRO NOVEMBRE;in prossimità;;del civico n.;151/147;;Veicolo in marcia contro ostacolo accidentale;Rettilineo;Una carreggiata a doppio senso;Viscido da liquidi oleosi;In cubetti di porfido;Orizzontale;Sereno;Normale;Buona;Ore Diurne;0;0;0;1;12.48539;41.89654;-1;1;Motociclo a solo;In marcia / fermata / arresto;Conducente;M;Illeso;0;;Non accertato;
2093676;2;26/06/2014 15:45;Strada Urbana;VIA CHIANA;in prossimità;;del civico n.;38;;Investimento di pedone;Rettilineo;Una carreggiata a doppio senso;Asciutto;Asfaltata;Verticale ed orizzontale;Sereno;Scarso;Buona;Ore Diurne;0;0;0;2;12.50391;41.92222;-1;;;;Pedone;F;Illeso;0;;;
2093676;2;26/06/2014 15:45;Strada Urbana;VIA CHIANA;in prossimità;;del civico n.;38;;Investimento di pedone;Rettilineo;Una carreggiata a doppio senso;Asciutto;Asfaltata;Verticale ed orizzontale;Sereno;Scarso;Buona;Ore Diurne;0;0;0;2;12.50391;41.92222;-1;1;Autovettura privata;In marcia / fermata / arresto;Conducente;M;Illeso;0;;Non accertato;Inesploso
2093679;1;24/06/2014 20:30;Strada Urbana;VIA QUATTRO NOVEMBRE;in prossimità;;del civico n.;151/147;;Veicolo in marcia contro ostacolo accidentale;Rettilineo;Una carreggiata a doppio senso;Viscido da liquidi oleosi;In cubetti di porfido;Orizzontale;Sereno;Normale;Buona;Ore Diurne;1;0;0;0;12.48539;41.89654;-1;1;Motociclo a solo;In marcia / fermata / arresto;Conducente;F;Rifiuta cure immediate;0;NON DECEDUTO;Non accertato;
2093702;1;19/06/2014 18:30;Strada Urbana;VIA LABICANA;all'intersezione semaforizzata con;PIAZZA DI S. CLEMENTE;PIAZZA DI S. CLEMENTE;;;Tamponamento;Intersezione semaforizzata;Più di due carreggiate;Asciutto;Asfaltata;Verticale ed orizzontale;Sereno;Intenso;Buona;Ore Diurne;0;0;0;2;12.49905;41.88972;-1;1;Autovettura privata;In marcia / fermata / arresto;Conducente;F;Illeso;0;;Non accertato;Inesploso
2093702;1;19/06/2014 18:30;Strada Urbana;VIA LABICANA;all'intersezione semaforizzata con;PIAZZA DI S. CLEMENTE;PIAZZA DI S. CLEMENTE;;;Tamponamento;Intersezione semaforizzata;Più di due carreggiate;Asciutto;Asfaltata;Verticale ed orizzontale;Sereno;Intenso;Buona;Ore Diurne;0;0;0;2;12.49905;41.88972;-1;2;Autovettura privata;In marcia / fermata / arresto;Conducente;M;Illeso;0;;Non accertato;Inesploso
2093857;9;26/06/2014 18:35;Strada Urbana;VIA TARANTO;all'intersezione semaforizzata con;VIA RIMINI;VIA RIMINI;;;Tamponamento;Intersezione semaforizzata;Una carreggiata a doppio senso;Asciutto;Asfaltata;Verticale ed orizzontale;Sereno;Normale;Buona;Ore Diurne;1;0;0;1;12.51287;41.88499;-1;1;Autovettura privata;In marcia / fermata / arresto;Conducente;M;Illeso;0;;Non accertato;Inesploso
2093857;9;26/06/2014 18:35;Strada Urbana;VIA TARANTO;all'intersezione semaforizzata con;VIA RIMINI;VIA RIMINI;;;Tamponamento;Intersezione semaforizzata;Una carreggiata a doppio senso;Asciutto;Asfaltata;Verticale ed orizzontale;Sereno;Normale;Buona;Ore Diurne;1;0;0;1;12.51287;41.88499;-1;2;Motociclo a solo;In marcia / fermata / arresto;Conducente;M;Rimandato;0;NON DECEDUTO;Non accertato;
2093883;15;26/06/2014 19:00;Strada Urbana;VIA PORTUENSE;all'intersezione con;VIA DELLA STAZIONE DI PONTE GALERIA;VIA DELLA STAZIONE DI PONTE GALERIA;;;Scontro laterale fra veicoli in marcia;Intersezione non regolata/non segnalata;Una carreggiata a doppio senso;Asciutto;Asfaltata;Verticale;Sereno;Normale;Buona;Ore Diurne;0;0;0;2;12.40939;41.84342;-1;1;Autovettura privata;In marcia / fermata / arresto;Conducente;M;Illeso;0;;;
2093883;15;26/06/2014 19:00;Strada Urbana;VIA PORTUENSE;all'intersezione con;VIA DELLA STAZIONE DI PONTE GALERIA;VIA DELLA STAZIONE DI PONTE GALERIA;;;Scontro laterale fra veicoli in marcia;Intersezione non regolata/non segnalata;Una carreggiata a doppio senso;Asciutto;Asfaltata;Verticale;Sereno;Normale;Buona;Ore Diurne;0;0;0;2;12.40939;41.84342;-1;2;Velocipede;In marcia / fermata / arresto;Conducente;M;Illeso;0;;Esente;
2093887;12;26/06/2014 16:45;Strada Urbana;VIA PONTINA;da specificare;;;;prossimità viale Eroi di Cefalonia;Scontro frontale fra veicoli in marcia;Curva senza visuale libera;Una carreggiata a senso unico di marcia;Asciutto;Asfaltata;Verticale ed orizzontale;Nuvoloso;Normale;Buona;Ore Diurne;1;0;0;1;12.44544;41.77505;-1;1;Autovettura privata;In marcia / fermata / arresto;Conducente;F;Illeso;0;;Non accertato;Inesistente
2093887;12;26/06/2014 16:45;Strada Urbana;VIA PONTINA;da specificare;;;;prossimità viale Eroi di Cefalonia;Scontro frontale fra veicoli in marcia;Curva senza visuale libera;Una carreggiata a senso unico di marcia;Asciutto;Asfaltata;Verticale ed orizzontale;Nuvoloso;Normale;Buona;Ore Diurne;1;0;0;1;12.44544;41.77505;-1;2;Autovettura privata;In marcia / fermata / arresto;Conducente;F;Rimandato;0;NON DECEDUTO;Non accertato;Inesploso
2093906;5;26/06/2014 13:50;Strada Urbana;VIA FABRIANO;all'intersezione con;VIA FIUMINATA;VIA FIUMINATA;;;Scontro frontale/laterale SX fra veicoli in marcia;Incrocio;Una carreggiata a doppio senso;Asciutto;Asfaltata;Verticale ed orizzontale;Sereno;Normale;Buona;Ore Diurne;0;0;0;3;12.5844;41.94078;-1;1;Autovettura privata;In marcia / fermata / arresto;Conducente;M;Illeso;0;;Non accertato;
2093906;5;26/06/2014 13:50;Strada Urbana;VIA FABRIANO;all'intersezione con;VIA FIUMINATA;VIA FIUMINATA;;;Scontro frontale/laterale SX fra veicoli in marcia;Incrocio;Una carreggiata a doppio senso;Asciutto;Asfaltata;Verticale ed orizzontale;Sereno;Normale;Buona;Ore Diurne;0;0;0;3;12.5844;41.94078;-1;1;Autovettura privata;In marcia / fermata / arresto;Passeggero;M;Illeso;0;;Non accertato;
2093906;5;26/06/2014 13:50;Strada Urbana;VIA FABRIANO;all'intersezione con;VIA FIUMINATA;VIA FIUMINATA;;;Scontro frontale/laterale SX fra veicoli in marcia;Incrocio;Una carreggiata a doppio senso;Asciutto;Asfaltata;Verticale ed orizzontale;Sereno;Normale;Buona;Ore Diurne;0;0;0;3;12.5844;41.94078;-1;2;Autovettura privata;In marcia / fermata / arresto;Conducente;F;Illeso;0;;Non accertato;
2093908;5;26/06/2014 20:05;Strada Urbana;VIA VIRGILIO MELANDRI;in prossimità;;del civico n.;10;;Scontro laterale fra veicoli in marcia;Rettilineo;Una carreggiata a doppio senso;Asciutto;Asfaltata;Orizzontale;Sereno;Normale;Buona;Sufficiente;0;0;0;2;12.57148;41.91403;-1;1;Autovettura privata;In marcia / fermata / arresto;Conducente;M;Illeso;0;;Non accertato;
2093908;5;26/06/2014 20:05;Strada Urbana;VIA VIRGILIO MELANDRI;in prossimità;;del civico n.;10;;Scontro laterale fra veicoli in marcia;Rettilineo;Una carreggiata a doppio senso;Asciutto;Asfaltata;Orizzontale;Sereno;Normale;Buona;Sufficiente;0;0;0;2;12.57148;41.91403;-1;2;Autovettura privata;In marcia / fermata / arresto;Conducente;M;Illeso;0;;Non accertato;
2093911;7;26/06/2014 08:30;Strada Urbana;VIA DELLE AZALEE;all'intersezione con;VIA DEI GLICINI;VIA DEI GLICINI;;;Scontro frontale/laterale DX fra veicoli in marcia;Incrocio;Una carreggiata a senso unico di marcia;Asciutto;Asfaltata;Verticale ed orizzontale;Sereno;Normale;Buona;Ore Diurne;0;0;0;2;12.56913;41.87943;-1;1;Autovettura pubblica;In marcia / fermata / arresto;Conducente;M;Illeso;0;;Non accertato;
2093911;7;26/06/2014 08:30;Strada Urbana;VIA DELLE AZALEE;all'intersezione con;VIA DEI GLICINI;VIA DEI GLICINI;;;Scontro frontale/laterale DX fra veicoli in marcia;Incrocio;Una carreggiata a senso unico di marcia;Asciutto;Asfaltata;Verticale ed orizzontale;Sereno;Normale;Buona;Ore Diurne;0;0;0;2;12.56913;41.87943;-1;2;Motociclo a solo;In marcia / fermata / arresto;Conducente;M;Illeso;0;;;
2093913;5;26/06/2014 23:10;Strada Urbana;VIA TIBURTINA;in corrispondenza;;del civico n.;667;;Veicolo in marcia contro veicolo fermo;Rettilineo;Due carreggiate;Asciutto;Asfaltata;Orizzontale;Sereno;Normale;Sufficiente;Sufficiente;1;0;0;1;12.54929;41.91073;-1;1;Autovettura privata;In marcia / fermata / arresto;Conducente;M;Rimandato;0;NON DECEDUTO;Non accertato;
2093913;5;26/06/2014 23:10;Strada Urbana;VIA TIBURTINA;in corrispondenza;;del civico n.;667;;Veicolo in marcia contro veicolo fermo;Rettilineo;Due carreggiate;Asciutto;Asfaltata;Orizzontale;Sereno;Normale;Sufficiente;Sufficiente;1;0;0;1;12.54929;41.91073;-1;2;Macchina operatrice;In marcia / fermata / arresto;Conducente;F;Illeso;0;;Non accertato;
2093914;8;26/06/2014 14:15;Statale entro l'abitato;VIA CASILINA;in prossimità;;del civico n.;1746/L;;Scontro laterale fra veicoli in marcia;Rettilineo;Una carreggiata a doppio senso;Asciutto;Asfaltata;Verticale ed orizzontale;Nuvoloso;Normale;Buona;Ore Diurne;0;0;0;2;12.66523;41.86417;-1;1;Autovettura privata;In marcia / fermata / arresto;Conducente;F;Illeso;0;;Non accertato;Inesploso
2093914;8;26/06/2014 14:15;Statale entro l'abitato;VIA CASILINA;in prossimità;;del civico n.;1746/L;;Scontro laterale fra veicoli in marcia;Rettilineo;Una carreggiata a doppio senso;Asciutto;Asfaltata;Verticale ed orizzontale;Nuvoloso;Normale;Buona;Ore Diurne;0;0;0;2;12.66523;41.86417;-1;2;Autovettura privata;In marcia / fermata / arresto;Conducente;F;Illeso;0;;Non accertato;Inesploso
2093919;8;26/06/2014 14:30;Strada Urbana;VIA DI TORRE SPACCATA;in prossimità;;del civico n.;149;;Scontro frontale/laterale SX fra veicoli in marcia;Rettilineo;Una carreggiata a doppio senso;Asciutto;Asfaltata;Orizzontale;Nuvoloso;Normale;Buona;Ore Diurne;0;0;0;2;12.58571;41.86182;-1;1;Autovettura privata;In marcia / fermata / arresto;Conducente;M;Illeso;0;;Non accertato;Inesploso
2093919;8;26/06/2014 14:30;Strada Urbana;VIA DI TORRE SPACCATA;in prossimità;;del civico n.;149;;Scontro frontale/laterale SX fra veicoli in marcia;Rettilineo;Una carreggiata a doppio senso;Asciutto;Asfaltata;Orizzontale;Nuvoloso;Normale;Buona;Ore Diurne;0;0;0;2;12.58571;41.86182;-1;2;Autovettura privata;In marcia / fermata / arresto;Conducente;M;Illeso;0;;Non accertato;Inesploso
2093921;11;26/06/2014 12:00;Strada Urbana;VIA ALESSIO BALDOVINETTI;in prossimità;;del civico n.;40;;Investimento di pedone;Rettilineo;Una carreggiata a doppio senso;Bagnato (pioggia);Asfaltata;Verticale ed orizzontale;Pioggia in atto;Normale;Sufficiente;Ore Diurne;1;0;0;1;12.49465;41.8324;-1;;;;Pedone;F;Ricoverato;0;NON DECEDUTO;;
2093921;11;26/06/2014 12:00;Strada Urbana;VIA ALESSIO BALDOVINETTI;in prossimità;;del civico n.;40;;Investimento di pedone;Rettilineo;Una carreggiata a doppio senso;Bagnato (pioggia);Asfaltata;Verticale ed orizzontale;Pioggia in atto;Normale;Sufficiente;Ore Diurne;1;0;0;1;12.49465;41.8324;-1;1;Motociclo a solo;In marcia / fermata / arresto;Conducente;M;Illeso;0;;Non accertato;
2093923;8;26/06/2014 15:30;Strada Urbana;VIA DELLA LITE;in corrispondenza;;del civico n.;58;;Veicolo in marcia contro ostacolo fisso;Curva a visuale libera;Una carreggiata a doppio senso;Asciutto;Asfaltata;Verticale;Sereno;Scarso;Buona;Ore Diurne;0;0;0;1;12.71844;41.85039;-1;1;Autovettura privata;In marcia / fermata / arresto;Conducente;F;Illeso;0;;Non accertato;Inesploso