Protocollo;Gruppo;DataOraIncidente;Localizzazione1;STRADA1;Localizzazione2;STRADA2;Strada02;Chilometrica;DaSpecificare;NaturaIncidente;particolaritastrade;TipoStrada;FondoStradale;Pavimentazione;Segnaletica;CondizioneAtmosferica;Traffico;Visibilita;Illuminazione;NUM_FERITI;NUM_RISERVATA;NUM_MORTI;NUM_ILLESI;Longitudine;Latitudine;Confermato;Progressivo;TipoVeicolo;StatoVeicolo;TipoPersona;Sesso;Tipolesione;Deceduto;DecedutoDopo;CinturaCascoUtilizzato;Airbag
2094647;11;27/06/2014 17:00;Strada Urbana;PIAZZA VITTORIO BOTTEGO;all'intersezione con;VIALE DEL CAMPO BOARIO;VIALE DEL CAMPO BOARIO;;;Scontro frontale/laterale DX fra veicoli in marcia;Rotatoria;Una carreggiata a doppio senso;Asciutto;Asfaltata;Verticale ed orizzontale;Sereno;Normale;Buona;Ore Diurne;0;0;0;2;12.47795;41.87474;-1;2;Autovettura privata;In marcia / fermata / arresto;Conducente;M;Illeso;0;;;
2094650;12;25/06/2014 12:45;Strada Urbana;VIA DI TRIGORIA;da specificare;;;;dir. Pontina prox. via Alessandrini;Tamponamento Multiplo;Rettilineo;Una carreggiata a doppio senso;Bagnato (pioggia);Asfaltata;Verticale ed orizzontale;Pioggia in atto;Scarso;Buona;Ore Diurne;0;0;0;3;12.47763;41.76537;-1;1;Autovettura privata;In marcia / fermata / arresto;Conducente;M;Illeso;0;;Utilizzato;Inesploso
2094650;12;25/06/2014 12:45;Strada Urbana;VIA DI TRIGORIA;da specificare;;;;dir. Pontina prox. via Alessandrini;Tamponamento Multiplo;Rettilineo;Una carreggiata a doppio senso;Bagnato (pioggia);Asfaltata;Verticale ed orizzontale;Pioggia in atto;Scarso;Buona;Ore Diurne;0;0;0;3;12.47763;41.76537;-1;2;Autovettura privata;In marcia / fermata / arresto;Conducente;M;Illeso;0;;Utilizzato;Inesploso
2094650;12;25/06/2014 12:45;Strada Urbana;VIA DI TRIGORIA;da specificare;;;;dir. Pontina prox. via Alessandrini;Tamponamento Multiplo;Rettilineo;Una carreggiata a doppio senso;Bagnato (pioggia);Asfaltata;Verticale ed orizzontale;Pioggia in atto;Scarso;Buona;Ore Diurne;0;0;0;3;12.47763;41.76537;-1;3;Autovettura privata;In marcia / fermata / arresto;Conducente;M;Illeso;0;;Utilizzato;Inesploso
2094652;11;27/06/2014 18:15;Strada Urbana;VIALE GIUSTINIANO IMPERATORE;all'intersezione con;VIA GALBA;VIA GALBA;;;Scontro laterale fra veicoli in marcia;Intersezione non regolata/non segnalata;Due carreggiate;Asciutto;Asfaltata;Verticale ed orizzontale;Sereno;Normale;Buona;Ore Diurne;0;0;0;3;12.48685;41.8553;-1;1;Autovettura privata;In marcia / fermata / arresto;Conducente;M;Illeso;0;;Non accertato;Inesploso
2094652;11;27/06/2014 18:15;Strada Urbana;VIALE GIUSTINIANO IMPERATORE;all'intersezione con;VIA GALBA;VIA GALBA;;;Scontro laterale fra veicoli in marcia;Intersezione non regolata/non segnalata;Due carreggiate;Asciutto;Asfaltata;Verticale ed orizzontale;Sereno;Normale;Buona;Ore Diurne;0;0;0;3;12.48685;41.8553;-1;1;Autovettura privata;In marcia / fermata / arresto;Passeggero;F;Illeso;0;;Non accertato;Inesploso
2094652;11;27/06/2014 18:15;Strada Urbana;VIALE GIUSTINIANO IMPERATORE;all'intersezione con;VIA GALBA;VIA GALBA;;;Scontro laterale fra veicoli in marcia;Intersezione non regolata/non segnalata;Due carreggiate;Asciutto;Asfaltata;Verticale ed orizzontale;Sereno;Normale;Buona;Ore Diurne;0;0;0;3;12.48685;41.8553;-1;2;Motociclo a solo;In marcia / fermata / arresto;Conducente;F;Illeso;0;;Non accertato;
2094653;18;27/06/2014 15:10;Strada Urbana;VIA RIVARONE;in corrispondenza;;del civico n.;96;;Scontro frontale/laterale DX fra veicoli in marcia;Rettilineo;Una carreggiata a doppio senso;Asciutto;Asfaltata;Verticale;Sereno;Scarso;Buona;Ore Diurne;1;0;0;1;12.41172;41.90132;-1;1;Autovettura privata;In marcia / fermata / arresto;Conducente;F;Illeso;0;;Non accertato;Inesistente
2094653;18;27/06/2014 15:10;Strada Urbana;VIA RIVARONE;in corrispondenza;;del civico n.;96;;Scontro frontale/laterale DX fra veicoli in marcia;Rettilineo;Una carreggiata a doppio senso;Asciutto;Asfaltata;Verticale;Sereno;Scarso;Buona;Ore Diurne;1;0;0;1;12.41172;41.90132;-1;2;Motociclo a solo;In marcia / fermata / arresto;Conducente;M;Rimandato;0;NON DECEDUTO;Non accertato;
2094669;12;25/06/2014 19:55;Strada Urbana;VIA TIBERIADE;da specificare;;;;altezza secondo tornante;Scontro frontale/laterale DX fra veicoli in marcia;Curva senza visuale libera;Una carreggiata a doppio senso;Asciutto;Asfaltata;Verticale ed orizzontale;Sereno;Scarso;Buona;Sufficiente;0;0;0;3;12.45859;41.82926;-1;1;Autovettura privata;In marcia / fermata / arresto;Conducente;F;Illeso;0;;Utilizzato;Inesploso
2094669;12;25/06/2014 19:55;Strada Urbana;VIA TIBERIADE;da specificare;;;;altezza secondo tornante;Scontro frontale/laterale DX fra veicoli in marcia;Curva senza visuale libera;Una carreggiata a doppio senso;Asciutto;Asfaltata;Verticale ed orizzontale;Sereno;Scarso;Buona;Sufficiente;0;0;0;3;12.45859;41.82926;-1;1;Autovettura privata;In marcia / fermata / arresto;Passeggero;M;Illeso;0;;Non accertato;Inesistente
2094669;12;25/06/2014 19:55;Strada Urbana;VIA TIBERIADE;da specificare;;;;altezza secondo tornante;Scontro frontale/laterale DX fra veicoli in marcia;Curva senza visuale libera;Una carreggiata a doppio senso;Asciutto;Asfaltata;Verticale ed orizzontale;Sereno;Scarso;Buona;Sufficiente;0;0;0;3;12.45859;41.82926;-1;2;Autovettura privata;In marcia / fermata / arresto;Conducente;M;Illeso;0;;Utilizzato;Inesploso
2094766;11;27/06/2014 23:30;Strada Urbana;PIAZZA GUGLIELMO MARCONI;all'intersezione con;VIA CRISTOFORO COLOMBO;VIA CRISTOFORO COLOMBO;;;Tamponamento;Rotatoria;Più di due carreggiate;Asciutto;Asfaltata;Verticale ed orizzontale;Sereno;Scarso;Buona;Sufficiente;0;0;0;3;12.47122;41.83394;-1;1;Autovettura privata;In marcia / fermata / arresto;Conducente;M;Illeso;0;;Non accertato;Inesploso
2094766;11;27/06/2014 23:30;Strada Urbana;PIAZZA GUGLIELMO MARCONI;all'intersezione con;VIA CRISTOFORO COLOMBO;VIA CRISTOFORO COLOMBO;;;Tamponamento;Rotatoria;Più di due carreggiate;Asciutto;Asfaltata;Verticale ed orizzontale;Sereno;Scarso;Buona;Sufficiente;0;0;0;3;12.47122;41.83394;-1;1;Autovettura privata;In marcia / fermata / arresto;Passeggero;M;Illeso;0;;Non accertato;Inesploso
2094766;11;27/06/2014 23:30;Strada Urbana;PIAZZA GUGLIELMO MARCONI;all'intersezione con;VIA CRISTOFORO COLOMBO;VIA CRISTOFORO COLOMBO;;;Tamponamento;Rotatoria;Più di due carreggiate;Asciutto;Asfaltata;Verticale ed orizzontale;Sereno;Scarso;Buona;Sufficiente;0;0;0;3;12.47122;41.83394;-1;2;Autovettura privata;In marcia / fermata / arresto;Conducente;M;Illeso;0;;Non accertato;Inesploso
2094768;18;25/06/2014 22:00;Comunale extraurbana;VIA DI CASTEL DI GUIDO;in prossimità;;del civico n.;300;;Ribaltamento senza urto contro ostacolo fisso;Rettilineo;Una carreggiata a doppio senso;Asciutto;Asfaltata;Orizzontale;Sereno;Scarso;Insufficiente;Inesistente;1;0;0;0;12.29989;41.90415;-1;1;Ciclomotore;In marcia / fermata / arresto;Conducente;M;Ricoverato;0;NON DECEDUTO;Non accertato;
2094769;12;25/06/2014 22:05;Strada Urbana;VIALE DEGLI EROI DI CEFALONIA;in prossimità;;del civico n.;43;;Tamponamento;Rettilineo;Una carreggiata a senso unico di marcia;Asciutto;Asfaltata;Verticale ed orizzontale;Sereno;Scarso;Buona;Sufficiente;0;0;0;2;12.44208;41.77833;-1;1;Autovettura privata;In marcia / fermata / arresto;Conducente;M;Illeso;0;;Utilizzato;Inesploso
2094769;12;25/06/2014 22:05;Strada Urbana;VIALE DEGLI EROI DI CEFALONIA;in prossimità;;del civico n.;43;;Tamponamento;Rettilineo;Una carreggiata a senso unico di marcia;Asciutto;Asfaltata;Verticale ed orizzontale;Sereno;Scarso;Buona;Sufficiente;0;0;0;2;12.44208;41.77833;-1;2;Autobus di linea;In marcia / fermata / arresto;Conducente;M;Illeso;0;;Esente;Inesploso
2094784;9;27/06/2014 21:10;Strada Urbana;VIALE CASTRENSE;all'intersezione semaforizzata con;VIA NOLA;VIA NOLA;;;Scontro laterale fra veicoli in marcia;Intersezione semaforizzata;Due carreggiate;Asciutto;Asfaltata;Verticale ed orizzontale;Sereno;Normale;Buona;Sufficiente;0;0;0;5;12.51535;41.88725;-1;1;Autovettura privata;In marcia / fermata / arresto;Conducente;M;Illeso;0;;Non accertato;Inesploso
2094784;9;27/06/2014 21:10;Strada Urbana;VIALE CASTRENSE;all'intersezione semaforizzata con;VIA NOLA;VIA NOLA;;;Scontro laterale fra veicoli in marcia;Intersezione semaforizzata;Due carreggiate;Asciutto;Asfaltata;Verticale ed orizzontale;Sereno;Normale;Buona;Sufficiente;0;0;0;5;12.51535;41.88725;-1;1;Autovettura privata;In marcia / fermata / arresto;Passeggero;F;Illeso;0;;Utilizzato;Inesploso
2094784;9;27/06/2014 21:10;Strada Urbana;VIALE CASTRENSE;all'intersezione semaforizzata con;VIA NOLA;VIA NOLA;;;Scontro laterale fra veicoli in marcia;Intersezione semaforizzata;Due carreggiate;Asciutto;Asfaltata;Verticale ed orizzontale;Sereno;Normale;Buona;Sufficiente;0;0;0;5;12.51535;41.88725;-1;2;Autovettura privata;In marcia / fermata / arresto;Conducente;M;Illeso;0;;Non accertato;Inesploso
2094784;9;27/06/2014 21:10;Strada Urbana;VIALE CASTRENSE;all'intersezione semaforizzata con;VIA NOLA;VIA NOLA;;;Scontro laterale fra veicoli in marcia;Intersezione semaforizzata;Due carreggiate;Asciutto;Asfaltata;Verticale ed orizzontale;Sereno;Normale;Buona;Sufficiente;0;0;0;5;12.51535;41.88725;-1;2;Autovettura privata;In marcia / fermata / arresto;Passeggero;F;Illeso;0;;Utilizzato;Inesploso
2094784;9;27/06/2014 21:10;Strada Urbana;VIALE CASTRENSE;all'intersezione semaforizzata con;VIA NOLA;VIA NOLA;;;Scontro laterale fra veicoli in marcia;Intersezione semaforizzata;Due carreggiate;Asciutto;Asfaltata;Verticale ed orizzontale;Sereno;Normale;Buona;Sufficiente;0;0;0;5;12.51535;41.88725;-1;2;Autovettura privata;In marcia / fermata / arresto;Passeggero;F;Illeso;0;;Utilizzato;Inesploso
2094788;2;27/06/2014 18:00;Strada Urbana;LUNGOTEVERE FLAMINIO;in prossimità;;del civico n.;34;;Scontro laterale fra veicoli in marcia;Rettilineo;Una carreggiata a doppio senso;Asciutto;Asfaltata;Verticale ed orizzontale;Sereno;Intenso;Buona;Ore Diurne;1;0;0;2;12.47067;41.92159;-1;1;Motociclo a solo;In marcia / fermata / arresto;Conducente;M;Rimandato;0;NON DECEDUTO;Non accertato;
2094788;2;27/06/2014 18:00;Strada Urbana;LUNGOTEVERE FLAMINIO;in prossimità;;del civico n.;34;;Scontro laterale fra veicoli in marcia;Rettilineo;Una carreggiata a doppio senso;Asciutto;Asfaltata;Verticale ed orizzontale;Sereno;Intenso;Buona;Ore Diurne;1;0;0;2;12.47067;41.92159;-1;2;Autovettura privata;In marcia / fermata / arresto;Conducente;F;Illeso;0;;Non accertato;Inesploso
2094788;2;27/06/2014 18:00;Strada Urbana;LUNGOTEVERE FLAMINIO;in prossimità;;del civico n.;34;;Scontro laterale fra veicoli in marcia;Rettilineo;Una carreggiata a doppio senso;Asciutto;Asfaltata;Verticale ed orizzontale;Sereno;Intenso;Buona;Ore Diurne;1;0;0;2;12.47067;41.92159;-1;2;Autovettura privata;In marcia / fermata / arresto;Passeggero;F;Illeso;0;;Non accertato;Inesploso
2094789;7;27/06/2014 13:05;Strada Urbana;VIA FEDERICO DELPINO;all'intersezione con;PIAZZA TEOFRASTO;PIAZZA TEOFRASTO;;;Scontro frontale/laterale DX fra veicoli in marcia;Intersezione stradale segnalata;Una carreggiata a doppio senso;Asciutto;Asfaltata;Verticale ed orizzontale;Sereno;Normale;Buona;Ore Diurne;0;0;0;2;12.5641;41.89141;-1;1;Autovettura privata;In marcia / fermata / arresto;Conducente;F;Illeso;0;;;
2094789;7;27/06/2014 13:05;Strada Urbana;VIA FEDERICO DELPINO;all'intersezione con;PIAZZA TEOFRASTO;PIAZZA TEOFRASTO;;;Scontro frontale/laterale DX fra veicoli in marcia;Intersezione stradale segnalata;Una carreggiata a doppio senso;Asciutto;Asfaltata;Verticale ed orizzontale;Sereno;Normale;Buona;Ore Diurne;0;0;0;2;12.5641;41.89141;-1;2;Autovettura privata;In marcia / fermata / arresto;Conducente;M;Illeso;0;;;
2094791;11;28/06/2014 05:25;Strada Urbana;PIAZZALE ANTONIO TOSTI;all'intersezione con;VIALE CARLO TOMMASO ODESCALCHI;VIALE CARLO TOMMASO ODESCALCHI;;;Veicolo in marcia contro ostacolo fisso;Incrocio;Una carreggiata a senso unico di marcia;Asciutto;Asfaltata;Assente;Sereno;Intenso;Buona;Ore Diurne;1;0;0;1;12.5013;41.85737;-1;1;Autocarro inferiore 35 q.;In marcia / fermata / arresto;Conducente;M;Illeso;0;;Non accertato;Inesploso
2094791;11;28/06/2014 05:25;Strada Urbana;PIAZZALE ANTONIO TOSTI;all'intersezione con;VIALE CARLO TOMMASO ODESCALCHI;VIALE CARLO TOMMASO ODESCALCHI;;;Veicolo in marcia contro ostacolo fisso;Incrocio;Una carreggiata a senso unico di marcia;Asciutto;Asfaltata;Assente;Sereno;Intenso;Buona;Ore Diurne;1;0;0;1;12.5013;41.85737;-1;2;Autovettura privata;In marcia / fermata / arresto;Conducente;M;Rimandato;0;NON DECEDUTO;Utilizzato;Inesploso
2094797;8;27/06/2014 09:20;Strada Urbana;VIALE DEI ROMANISTI;da specificare;;;;altezza via GIGGI PIZZIRANI dir. TOGLIATTI;Tamponamento;Rettilineo;Due carreggiate;Asciutto;Asfaltata;Verticale ed orizzontale;Sereno;Normale;Buona;Ore Diurne;0;0;0;2;12.58225;41.86533;-1;1;Autovettura privata;In marcia / fermata / arresto;Conducente;M;Illeso;0;;Non accertato;Inesploso
2094797;8;27/06/2014 09:20;Strada Urbana;VIALE DEI ROMANISTI;da specificare;;;;altezza via GIGGI PIZZIRANI dir. TOGLIATTI;Tamponamento;Rettilineo;Due carreggiate;Asciutto;Asfaltata;Verticale ed orizzontale;Sereno;Normale;Buona;Ore Diurne;0;0;0;2;12.58225;41.86533;-1;2;Autovettura privata;In marcia / fermata / arresto;Conducente;F;Illeso;0;;Non accertato;Inesploso
2094798;11;27/06/2014 02:40;Strada Urbana;VIA CRISTOFORO COLOMBO;all'intersezione semaforizzata con;LARGO ANGELO FOCHETTI;LARGO ANGELO FOCHETTI;;;Scontro frontale/laterale DX fra veicoli in marcia;Intersezione semaforizzata;Più di due carreggiate;Bagnato (umidità in atto);Asfaltata;Verticale ed orizzontale;Nuvoloso;Scarso;Buona;Sufficiente;1;0;0;8;12.49614;41.86718;-1;1;Autovettura pubblica;In marcia / fermata / arresto;Conducente;M;Illeso;0;;Non accertato;Inesploso
2094798;11;27/06/2014 02:40;Strada Urbana;VIA CRISTOFORO COLOMBO;all'intersezione semaforizzata con;LARGO ANGELO FOCHETTI;LARGO ANGELO FOCHETTI;;;Scontro frontale/laterale DX fra veicoli in marcia;Intersezione semaforizzata;Più di due carreggiate;Bagnato (umidità in atto);Asfaltata;Verticale ed orizzontale;Nuvoloso;Scarso;Buona;Sufficiente;1;0;0;8;12.49614;41.86718;-1;1;Autovettura pubblica;In marcia / fermata / arresto;Passeggero;M;Illeso;0;;Non accertato;Inesploso
2094798;11;27/06/2014 02:40;Strada Urbana;VIA CRISTOFORO COLOMBO;all'intersezione semaforizzata con;LARGO ANGELO FOCHETTI;LARGO ANGELO FOCHETTI;;;Scontro frontale/laterale DX fra veicoli in marcia;Intersezione semaforizzata;Più di due carreggiate;Bagnato (umidità in atto);Asfaltata;Verticale ed orizzontale;Nuvoloso;Scarso;Buona;Sufficiente;1;0;0;8;12.49614;41.86718;-1;1;Autovettura pubblica;In marcia / fermata / arresto;Passeggero;M;Illeso;0;;Non accertato;Inesploso
2094798;11;27/06/2014 02:40;Strada Urbana;VIA CRISTOFORO COLOMBO;all'intersezione semaforizzata con;LARGO ANGELO FOCHETTI;LARGO ANGELO FOCHETTI;;;Scontro frontale/laterale DX fra veicoli in marcia;Intersezione semaforizzata;Più di due carreggiate;Bagnato (umidità in atto);Asfaltata;Verticale ed orizzontale;Nuvoloso;Scarso;Buona;Sufficiente;1;0;0;8;12.49614;41.86718;-1;1;Autovettura pubblica;In marcia / fermata / arresto;Passeggero;M;Illeso;0;;Non accertato;Inesploso
2094798;11;27/06/2014 02:40;Strada Urbana;VIA CRISTOFORO COLOMBO;all'intersezione semaforizzata con;LARGO ANGELO FOCHETTI;LARGO ANGELO FOCHETTI;;;Scontro frontale/laterale DX fra veicoli in marcia;Intersezione semaforizzata;Più di due carreggiate;Bagnato (umidità in atto);Asfaltata;Verticale ed orizzontale;Nuvoloso;Scarso;Buona;Sufficiente;1;0;0;8;12.49614;41.86718;-1;1;Autovettura pubblica;In marcia / fermata / arresto;Passeggero;F;Illeso;0;;Non accertato;Inesploso
2094798;11;27/06/2014 02:40;Strada Urbana;VIA CRISTOFORO COLOMBO;all'intersezione semaforizzata con;LARGO ANGELO FOCHETTI;LARGO ANGELO FOCHETTI;;;Scontro frontale/laterale DX fra veicoli in marcia;Intersezione semaforizzata;Più di due carreggiate;Bagnato (umidità in atto);Asfaltata;Verticale ed orizzontale;Nuvoloso;Scarso;Buona;Sufficiente;1;0;0;8;12.49614;41.86718;-1;2;Autovettura privata;In marcia / fermata / arresto;Conducente;F;Illeso;0;;Non accertato;Inesploso
2094798;11;27/06/2014 02:40;Strada Urbana;VIA CRISTOFORO COLOMBO;all'intersezione semaforizzata con;LARGO ANGELO FOCHETTI;LARGO ANGELO FOCHETTI;;;Scontro frontale/laterale DX fra veicoli in marcia;Intersezione semaforizzata;Più di due carreggiate;Bagnato (umidità in atto);Asfaltata;Verticale ed orizzontale;Nuvoloso;Scarso;Buona;Sufficiente;1;0;0;8;12.49614;41.86718;-1;2;Autovettura privata;In marcia / fermata / arresto;Passeggero;F;Illeso;0;;Non accertato;Inesploso
2094798;11;27/06/2014 02:40;Strada Urbana;VIA CRISTOFORO COLOMBO;all'intersezione semaforizzata con;LARGO ANGELO FOCHETTI;LARGO ANGELO FOCHETTI;;;Scontro frontale/laterale DX fra veicoli in marcia;Intersezione semaforizzata;Più di due carreggiate;Bagnato (umidità in atto);Asfaltata;Verticale ed orizzontale;Nuvoloso;Scarso;Buona;Sufficiente;1;0;0;8;12.49614;41.86718;-1;2;Autovettura privata;In marcia / fermata / arresto;Passeggero;F;Illeso;0;;Non accertato;Inesploso
2094798;11;27/06/2014 02:40;Strada Urbana;VIA CRISTOFORO COLOMBO;all'intersezione semaforizzata con;LARGO ANGELO FOCHETTI;LARGO ANGELO FOCHETTI;;;Scontro frontale/laterale DX fra veicoli in marcia;Intersezione semaforizzata;Più di due carreggiate;Bagnato (umidità in atto);Asfaltata;Verticale ed orizzontale;Nuvoloso;Scarso;Buona;Sufficiente;1;0;0;8;12.49614;41.86718;-1;2;Autovettura privata;In marcia / fermata / arresto;Passeggero;F;Rimandato;0;NON DECEDUTO;Non accertato;Inesploso
2094799;8;27/06/2014 11:00;Strada Urbana;VIA DEI CORIBANTI;in prossimità;;del civico n.;4;;Scontro laterale fra veicoli in marcia;Rettilineo;Una carreggiata a doppio senso;Asciutto;Asfaltata;Verticale ed orizzontale;Sereno;Scarso;Buona;Ore Diurne;0;0;0;3;12.61914;41.87554;-1;1;Autovettura privata;In marcia / fermata / arresto;Conducente;M;Illeso;0;;Non accertato;Inesploso
2094799;8;27/06/2014 11:00;Strada Urbana;VIA DEI CORIBANTI;in prossimità;;del civico n.;4;;Scontro laterale fra veicoli in marcia;Rettilineo;Una carreggiata a doppio senso;Asciutto;Asfaltata;Verticale ed orizzontale;Sereno;Scarso;Buona;Ore Diurne;0;0;0;3;12.61914;41.87554;-1;1;Autovettura privata;In marcia / fermata / arresto;Passeggero;F;Illeso;0;;Non accertato;Inesploso
2094799;8;27/06/2014 11:00;Strada Urbana;VIA DEI CORIBANTI;in prossimità;;del civico n.;4;;Scontro laterale fra veicoli in marcia;Rettilineo;Una carreggiata a doppio senso;Asciutto;Asfaltata;Verticale ed orizzontale;Sereno;Scarso;Buona;Ore Diurne;0;0;0;3;12.61914;41.87554;-1;2;Autovettura privata;In marcia / fermata / arresto;Conducente;M;Illeso;0;;Non accertato;Inesploso
2094803;8;27/06/2014 15:15;Strada Urbana;VIA STEFANO DELLA BELLA;all'intersezione con;VIA GIOVANNA GAZZONI;VIA GIOVANNA GAZZONI;;;Scontro laterale fra veicoli in marcia;Intersezione non regolata/non segnalata;Una carreggiata a senso unico di marcia;Asciutto;Asfaltata;Verticale;Sereno;Normale;Buona;Ore Diurne;0;0;0;5;12.60005;41.85813;-1;1;Autovettura privata;In marcia / fermata / arresto;Conducente;F;Illeso;0;;Non accertato;Inesploso
2094803;8;27/06/2014 15:15;Strada Urbana;VIA STEFANO DELLA BELLA;all'intersezione con;VIA GIOVANNA GAZZONI;VIA GIOVANNA GAZZONI;;;Scontro laterale fra veicoli in marcia;Intersezione non regolata/non segnalata;Una carreggiata a senso unico di marcia;Asciutto;Asfaltata;Verticale;Sereno;Normale;Buona;Ore Diurne;0;0;0;5;12.60005;41.85813;-1;1;Autovettura privata;In marcia / fermata / arresto;Passeggero;F;Illeso;0;;Non accertato;Inesploso
2094803;8;27/06/2014 15:15;Strada Urbana;VIA STEFANO DELLA BELLA;all'intersezione con;VIA GIOVANNA GAZZONI;VIA GIOVANNA GAZZONI;;;Scontro laterale fra veicoli in marcia;Intersezione non regolata/non segnalata;Una carreggiata a senso unico di marcia;Asciutto;Asfaltata;Verticale;Sereno;Normale;Buona;Ore Diurne;0;0;0;5;12.60005;41.85813;-1;1;Autovettura privata;In marcia / fermata / arresto;Passeggero;M;Illeso;0;;Non accertato;Inesploso
2094803;8;27/06/2014 15:15;Strada Urbana;VIA STEFANO DELLA BELLA;all'intersezione con;VIA GIOVANNA GAZZONI;VIA GIOVANNA GAZZONI;;;Scontro laterale fra veicoli in marcia;Intersezione non regolata/non segnalata;Una carreggiata a senso unico di marcia;Asciutto;Asfaltata;Verticale;Sereno;Normale;Buona;Ore Diurne;0;0;0;5;12.60005;41.85813;-1;1;Autovettura privata;In marcia / fermata / arresto;Passeggero;F;Illeso;0;;Non accertato;Inesploso
2094803;8;27/06/2014 15:15;Strada Urbana;VIA STEFANO DELLA BELLA;all'intersezione con;VIA GIOVANNA GAZZONI;VIA GIOVANNA GAZZONI;;;Scontro laterale fra veicoli in marcia;Intersezione non regolata/non segnalata;Una carreggiata a senso unico di marcia;Asciutto;Asfaltata;Verticale;Sereno;Normale;Buona;Ore Diurne;0;0;0;5;12.60005;41.85813;-1;2;Autovettura privata;In marcia / fermata / arresto;Conducente;M;Illeso;0;;Non accertato;Inesploso
2094805;13;27/06/2014 08:10;Strada Urbana;VIA DELLA GENTE SALINATORIA;all'intersezione con;VIA DEL MARE;VIA DEL MARE;;;Scontro laterale fra veicoli in marcia;Incrocio;Una carreggiata a senso unico di marcia;Asciutto;Asfaltata;Verticale ed orizzontale;Sereno;Intenso;Buona;Ore Diurne;1;0;0;1;12.30383;41.75978;-1;1;Motociclo a solo;In marcia / fermata / arresto;Conducente;M;Rimandato;0;NON DECEDUTO;Non accertato;
2094805;13;27/06/2014 08:10;Strada Urbana;VIA DELLA GENTE SALINATORIA;all'intersezione con;VIA DEL MARE;VIA DEL MARE;;;Scontro laterale fra veicoli in marcia;Incrocio;Una carreggiata a senso unico di marcia;Asciutto;Asfaltata;Verticale ed orizzontale;Sereno;Intenso;Buona;Ore Diurne;1;0;0;1;12.30383;41.75978;-1;2;Autovettura privata;In marcia / fermata / arresto;Conducente;M;Illeso;0;;Non accertato;Inesploso
2094807;8;27/06/2014 17:00;Strada Urbana;VIALE OXFORD;da specificare;;;;alt. Torre 6 entrata reparto ematologia PTV ex P.S;Veicolo in marcia contro veicolo in sosta;Rettilineo;Una carreggiata a doppio senso;Asciutto;Asfaltata;Verticale ed orizzontale;Sereno;Scarso;Buona;Ore Diurne;0;0;0;2;12.63165;41.85664;-1;2;Autovettura privata;In marcia / fermata / arresto;Conducente;M;Illeso;0;;Non accertato;Inesploso
2094807;8;27/06/2014 17:00;Strada Urbana;VIALE OXFORD;da specificare;;;;alt. Torre 6 entrata reparto ematologia PTV ex P.S;Veicolo in marcia contro veicolo in sosta;Rettilineo;Una carreggiata a doppio senso;Asciutto;Asfaltata;Verticale ed orizzontale;Sereno;Scarso;Buona;Ore Diurne;0;0;0;2;12.63165;41.85664;-1;2;Autovettura privata;In marcia / fermata / arresto;Passeggero;M;Illeso;0;;Non accertato;Inesploso
2094817;13;27/06/2014 11:45;Strada Urbana;VIA GIUSEPPE ANDRE';in corrispondenza;;del civico n.;30;;Veicolo in marcia contro ostacolo accidentale;Rettilineo;Una carreggiata a senso unico di marcia;Asciutto;Asfaltata;Assente;Sereno;Scarso;Buona;Ore Diurne;0;0;0;1;12.29451;41.72815;-1;1;Autovettura privata;In marcia / fermata / arresto;Conducente;F;Illeso;0;;Non accertato;Inesploso
2094820;8;27/06/2014 19:15;Strada Urbana;VIA DI VERMICINO;in prossimità;;del civico n.;190;;Tamponamento;Rettilineo;Una carreggiata a doppio senso;Asciutto;Asfaltata;Verticale ed orizzontale;Sereno;Normale;Buona;Ore Diurne;1;0;0;1;12.67097;41.85005;-1;1;Autovettura privata;In marcia / fermata / arresto;Conducente;M;Illeso;0;;Non accertato;Inesploso
2094820;8;27/06/2014 19:15;Strada Urbana;VIA DI VERMICINO;in prossimità;;del civico n.;190;;Tamponamento;Rettilineo;Una carreggiata a doppio senso;Asciutto;Asfaltata;Verticale ed orizzontale;Sereno;Normale;Buona;Ore Diurne;1;0;0;1;12.67097;41.85005;-1;2;Motociclo a solo;In marcia / fermata / arresto;Conducente;M;Rimandato;0;NON DECEDUTO;Non accertato;
2094823;18;26/06/2014 19:00;Strada Urbana;VIA DI BOCCEA;da specificare;;;;in prossimita' di Via Verolengo;Scontro frontale/laterale SX fra veicoli in marcia;Curva a visuale libera;Una carreggiata a doppio senso;Asciutto;Asfaltata;Verticale;Sereno;Normale;Sufficiente;Ore Diurne;1;0;0;2;12.41113;41.90331;-1;1;Autocarro inferiore 35 q.;In marcia / fermata / arresto;Conducente;M;Illeso;0;;Non accertato;Inesploso
2094823;18;26/06/2014 19:00;Strada Urbana;VIA DI BOCCEA;da specificare;;;;in prossimita' di Via Verolengo;Scontro frontale/laterale SX fra veicoli in marcia;Curva a visuale libera;Una carreggiata a doppio senso;Asciutto;Asfaltata;Verticale;Sereno;Normale;Sufficiente;Ore Diurne;1;0;0;2;12.41113;41.90331;-1;1;Autocarro inferiore 35 q.;In marcia / fermata / arresto;Passeggero;M;Illeso;0;;Non accertato;Inesploso