Protocollo;Gruppo;DataOraIncidente;Localizzazione1;STRADA1;Localizzazione2;STRADA2;Strada02;Chilometrica;DaSpecificare;NaturaIncidente;particolaritastrade;TipoStrada;FondoStradale;Pavimentazione;Segnaletica;CondizioneAtmosferica;Traffico;Visibilita;Illuminazione;NUM_FERITI;NUM_RISERVATA;NUM_MORTI;NUM_ILLESI;Longitudine;Latitudine;Confermato;Progressivo;TipoVeicolo;StatoVeicolo;TipoPersona;Sesso;Tipolesione;Deceduto;DecedutoDopo;CinturaCascoUtilizzato;Airbag
2096008;19;29/06/2014 01:15;Strada Urbana;VIA TRIONFALE;all'intersezione con;VIA MARIA MONTESSORI;VIA MARIA MONTESSORI;;;Scontro frontale/laterale SX fra veicoli in marcia;Incrocio;Una carreggiata a doppio senso;Asciutto;Asfaltata;Verticale ed orizzontale;Sereno;Scarso;Buona;Sufficiente;0;0;0;2;12.42296;41.94088;-1;1;Autovettura privata;In marcia / fermata / arresto;Conducente;M;Illeso;0;;Non accertato;Inesploso
2096008;19;29/06/2014 01:15;Strada Urbana;VIA TRIONFALE;all'intersezione con;VIA MARIA MONTESSORI;VIA MARIA MONTESSORI;;;Scontro frontale/laterale SX fra veicoli in marcia;Incrocio;Una carreggiata a doppio senso;Asciutto;Asfaltata;Verticale ed orizzontale;Sereno;Scarso;Buona;Sufficiente;0;0;0;2;12.42296;41.94088;-1;2;Autovettura privata;In marcia / fermata / arresto;Conducente;M;Illeso;0;;Non accertato;Inesploso
2096009;12;27/06/2014 17:30;Strada Urbana;VIA LAURENTINA;in prossimità;;del civico n.;13,3;;Scontro frontale/laterale SX fra veicoli in marcia;Curva a visuale libera;Due carreggiate;Asciutto;Asfaltata;Verticale ed orizzontale;Sereno;Normale;Buona;Ore Diurne;0;0;0;2;12.47848;41.84785;-1;1;Autocarro inferiore 35 q.;In marcia / fermata / arresto;Conducente;M;Illeso;0;;Utilizzato;Inesploso
2096009;12;27/06/2014 17:30;Strada Urbana;VIA LAURENTINA;in prossimità;;del civico n.;13,3;;Scontro frontale/laterale SX fra veicoli in marcia;Curva a visuale libera;Due carreggiate;Asciutto;Asfaltata;Verticale ed orizzontale;Sereno;Normale;Buona;Ore Diurne;0;0;0;2;12.47848;41.84785;-1;2;Autocarro inferiore 35 q.;In marcia / fermata / arresto;Conducente;M;Illeso;0;;Utilizzato;Inesploso
2096017;18;28/06/2014 12:20;Strada Urbana;VIA DI TORREVECCHIA;all'intersezione semaforizzata con;VIA CRISTOFORO NUMAI;VIA CRISTOFORO NUMAI;;;Scontro frontale/laterale DX fra veicoli in marcia;Intersezione semaforizzata;Una carreggiata a senso unico di marcia;Asciutto;Asfaltata;Verticale ed orizzontale;Sereno;Normale;Buona;Ore Diurne;2;0;0;0;12.40797;41.91647;-1;1;Autovettura privata;In marcia / fermata / arresto;Conducente;F;Rifiuta cure immediate;0;NON DECEDUTO;Non accertato;Esploso
2096017;18;28/06/2014 12:20;Strada Urbana;VIA DI TORREVECCHIA;all'intersezione semaforizzata con;VIA CRISTOFORO NUMAI;VIA CRISTOFORO NUMAI;;;Scontro frontale/laterale DX fra veicoli in marcia;Intersezione semaforizzata;Una carreggiata a senso unico di marcia;Asciutto;Asfaltata;Verticale ed orizzontale;Sereno;Normale;Buona;Ore Diurne;2;0;0;0;12.40797;41.91647;-1;2;Autovettura privata;In marcia / fermata / arresto;Conducente;M;Rimandato;0;NON DECEDUTO;Non accertato;Inesploso
2096018;17;27/06/2014 10:45;Strada Urbana;PIAZZA MONTE GRAPPA;da specificare;;;;fronte civico 1;Tamponamento Multiplo;Rettilineo;Una carreggiata a senso unico di marcia;Asciutto;Asfaltata;Verticale ed orizzontale;Sereno;Normale;Buona;Ore Diurne;0;0;0;3;12.46973;41.91861;-1;1;Autovettura privata;In marcia / fermata / arresto;Conducente;F;Illeso;0;;;
2096018;17;27/06/2014 10:45;Strada Urbana;PIAZZA MONTE GRAPPA;da specificare;;;;fronte civico 1;Tamponamento Multiplo;Rettilineo;Una carreggiata a senso unico di marcia;Asciutto;Asfaltata;Verticale ed orizzontale;Sereno;Normale;Buona;Ore Diurne;0;0;0;3;12.46973;41.91861;-1;2;Autovettura privata;In marcia / fermata / arresto;Conducente;F;Illeso;0;;;
2096018;17;27/06/2014 10:45;Strada Urbana;PIAZZA MONTE GRAPPA;da specificare;;;;fronte civico 1;Tamponamento Multiplo;Rettilineo;Una carreggiata a senso unico di marcia;Asciutto;Asfaltata;Verticale ed orizzontale;Sereno;Normale;Buona;Ore Diurne;0;0;0;3;12.46973;41.91861;-1;3;Motociclo a solo;In marcia / fermata / arresto;Conducente;F;Illeso;0;;;
2096025;13;28/06/2014 21:00;Strada Urbana;VIA GUIDO CALZA;da specificare;;;;prossimità Vicolo di Tor Boacciana;Tamponamento Multiplo;Rettilineo;Una carreggiata a doppio senso;Asciutto;Asfaltata;Verticale ed orizzontale;Sereno;Intenso;Buona;Inesistente;1;0;0;7;12.29862;41.75569;-1;1;Autovettura privata;In marcia / fermata / arresto;Conducente;M;Rimandato;0;NON DECEDUTO;Non accertato;Inesploso
2096025;13;28/06/2014 21:00;Strada Urbana;VIA GUIDO CALZA;da specificare;;;;prossimità Vicolo di Tor Boacciana;Tamponamento Multiplo;Rettilineo;Una carreggiata a doppio senso;Asciutto;Asfaltata;Verticale ed orizzontale;Sereno;Intenso;Buona;Inesistente;1;0;0;7;12.29862;41.75569;-1;1;Autovettura privata;In marcia / fermata / arresto;Passeggero;F;Illeso;0;;;
2096025;13;28/06/2014 21:00;Strada Urbana;VIA GUIDO CALZA;da specificare;;;;prossimità Vicolo di Tor Boacciana;Tamponamento Multiplo;Rettilineo;Una carreggiata a doppio senso;Asciutto;Asfaltata;Verticale ed orizzontale;Sereno;Intenso;Buona;Inesistente;1;0;0;7;12.29862;41.75569;-1;2;Autovettura privata;In marcia / fermata / arresto;Conducente;F;Illeso;0;;Non accertato;
2096025;13;28/06/2014 21:00;Strada Urbana;VIA GUIDO CALZA;da specificare;;;;prossimità Vicolo di Tor Boacciana;Tamponamento Multiplo;Rettilineo;Una carreggiata a doppio senso;Asciutto;Asfaltata;Verticale ed orizzontale;Sereno;Intenso;Buona;Inesistente;1;0;0;7;12.29862;41.75569;-1;3;Autovettura privata;In marcia / fermata / arresto;Conducente;M;Illeso;0;;Non accertato;
2096025;13;28/06/2014 21:00;Strada Urbana;VIA GUIDO CALZA;da specificare;;;;prossimità Vicolo di Tor Boacciana;Tamponamento Multiplo;Rettilineo;Una carreggiata a doppio senso;Asciutto;Asfaltata;Verticale ed orizzontale;Sereno;Intenso;Buona;Inesistente;1;0;0;7;12.29862;41.75569;-1;4;Autovettura privata;In marcia / fermata / arresto;Conducente;M;Illeso;0;;Non accertato;Inesploso
2096025;13;28/06/2014 21:00;Strada Urbana;VIA GUIDO CALZA;da specificare;;;;prossimità Vicolo di Tor Boacciana;Tamponamento Multiplo;Rettilineo;Una carreggiata a doppio senso;Asciutto;Asfaltata;Verticale ed orizzontale;Sereno;Intenso;Buona;Inesistente;1;0;0;7;12.29862;41.75569;-1;4;Autovettura privata;In marcia / fermata / arresto;Passeggero;M;Illeso;0;;Non accertato;
2096025;13;28/06/2014 21:00;Strada Urbana;VIA GUIDO CALZA;da specificare;;;;prossimità Vicolo di Tor Boacciana;Tamponamento Multiplo;Rettilineo;Una carreggiata a doppio senso;Asciutto;Asfaltata;Verticale ed orizzontale;Sereno;Intenso;Buona;Inesistente;1;0;0;7;12.29862;41.75569;-1;4;Autovettura privata;In marcia / fermata / arresto;Passeggero;F;Illeso;0;;;
2096025;13;28/06/2014 21:00;Strada Urbana;VIA GUIDO CALZA;da specificare;;;;prossimità Vicolo di Tor Boacciana;Tamponamento Multiplo;Rettilineo;Una carreggiata a doppio senso;Asciutto;Asfaltata;Verticale ed orizzontale;Sereno;Intenso;Buona;Inesistente;1;0;0;7;12.29862;41.75569;-1;4;Autovettura privata;In marcia / fermata / arresto;Passeggero;F;Illeso;0;;;
2096030;20;29/06/2014 20:30;Strada Urbana;VIA BRACCIANENSE;da specificare;;;;in prossimità di via E. Perini;Tamponamento;Rettilineo;Una carreggiata a doppio senso;Asciutto;Asfaltata;Assente;Sereno;Scarso;Insufficiente;Inesistente;0;0;0;5;12.30933;42.03633;-1;1;Autovettura privata;In marcia / fermata / arresto;Conducente;F;Illeso;0;;;
2096030;20;29/06/2014 20:30;Strada Urbana;VIA BRACCIANENSE;da specificare;;;;in prossimità di via E. Perini;Tamponamento;Rettilineo;Una carreggiata a doppio senso;Asciutto;Asfaltata;Assente;Sereno;Scarso;Insufficiente;Inesistente;0;0;0;5;12.30933;42.03633;-1;1;Autovettura privata;In marcia / fermata / arresto;Passeggero;M;Illeso;0;;Non accertato;
2096030;20;29/06/2014 20:30;Strada Urbana;VIA BRACCIANENSE;da specificare;;;;in prossimità di via E. Perini;Tamponamento;Rettilineo;Una carreggiata a doppio senso;Asciutto;Asfaltata;Assente;Sereno;Scarso;Insufficiente;Inesistente;0;0;0;5;12.30933;42.03633;-1;2;Autovettura privata;In marcia / fermata / arresto;Conducente;M;Illeso;0;;Non accertato;
2096030;20;29/06/2014 20:30;Strada Urbana;VIA BRACCIANENSE;da specificare;;;;in prossimità di via E. Perini;Tamponamento;Rettilineo;Una carreggiata a doppio senso;Asciutto;Asfaltata;Assente;Sereno;Scarso;Insufficiente;Inesistente;0;0;0;5;12.30933;42.03633;-1;2;Autovettura privata;In marcia / fermata / arresto;Passeggero;F;Illeso;0;;;
2096030;20;29/06/2014 20:30;Strada Urbana;VIA BRACCIANENSE;da specificare;;;;in prossimità di via E. Perini;Tamponamento;Rettilineo;Una carreggiata a doppio senso;Asciutto;Asfaltata;Assente;Sereno;Scarso;Insufficiente;Inesistente;0;0;0;5;12.30933;42.03633;-1;2;Autovettura privata;In marcia / fermata / arresto;Passeggero;F;Illeso;0;;;
2096035;13;29/06/2014 11:30;Strada Urbana;VIA RUTILIO NAMAZIANO;in corrispondenza;;del civico n.;8;;Veicolo in marcia contro veicolo in sosta;Rettilineo;Una carreggiata a senso unico di marcia;Asciutto;Asfaltata;Assente;Vento forte;Normale;Buona;Ore Diurne;0;0;0;1;11.79824;42.09537;-1;2;Autovettura privata;In marcia / fermata / arresto;Conducente;F;Illeso;0;;Non accertato;Inesploso
2096042;19;27/06/2014 18:40;Strada Urbana;VIA MATTIA BATTISTINI;in prossimità;;del civico n.;f.c. 460;;Scontro laterale fra veicoli in marcia;Rettilineo;Una carreggiata a doppio senso;Asciutto;Sterrata;Assente;Sereno;Scarso;Buona;Ore Diurne;1;0;0;2;12.41892;41.91955;-1;1;Autovettura di polizia;In marcia / fermata / arresto;Conducente;M;Illeso;0;;Non accertato;Inesploso
2096042;19;27/06/2014 18:40;Strada Urbana;VIA MATTIA BATTISTINI;in prossimità;;del civico n.;f.c. 460;;Scontro laterale fra veicoli in marcia;Rettilineo;Una carreggiata a doppio senso;Asciutto;Sterrata;Assente;Sereno;Scarso;Buona;Ore Diurne;1;0;0;2;12.41892;41.91955;-1;1;Autovettura di polizia;In marcia / fermata / arresto;Passeggero;M;Rifiuta cure immediate;0;NON DECEDUTO;Non accertato;Inesploso
2096042;19;27/06/2014 18:40;Strada Urbana;VIA MATTIA BATTISTINI;in prossimità;;del civico n.;f.c. 460;;Scontro laterale fra veicoli in marcia;Rettilineo;Una carreggiata a doppio senso;Asciutto;Sterrata;Assente;Sereno;Scarso;Buona;Ore Diurne;1;0;0;2;12.41892;41.91955;-1;2;Motociclo a solo;In marcia / fermata / arresto;Conducente;M;Illeso;0;;Non accertato;
2096043;17;27/06/2014 17:00;Strada Urbana;CIRCONVALLAZIONE TRIONFALE;in prossimità;;del civico n.;1;;Veicolo in marcia contro ostacolo accidentale;Rettilineo;Due carreggiate;Asciutto;Asfaltata;Verticale ed orizzontale;Sereno;Normale;Buona;Ore Diurne;0;0;0;1;12.44891;41.90962;-1;1;Autovettura privata;In marcia / fermata / arresto;Conducente;M;Illeso;0;;;
2096048;18;28/06/2014 10:30;Strada Urbana;VIA DI BOCCEA;in corrispondenza;;del civico n.;193;;Tamponamento;Rettilineo;Una carreggiata a doppio senso;Asciutto;Asfaltata;Verticale ed orizzontale;Sereno;Intenso;Buona;Ore Diurne;0;0;0;2;12.42242;41.90288;-1;1;Quadriciclo leggero;In marcia / fermata / arresto;Conducente;M;Illeso;0;;Non accertato;Inesploso
2096048;18;28/06/2014 10:30;Strada Urbana;VIA DI BOCCEA;in corrispondenza;;del civico n.;193;;Tamponamento;Rettilineo;Una carreggiata a doppio senso;Asciutto;Asfaltata;Verticale ed orizzontale;Sereno;Intenso;Buona;Ore Diurne;0;0;0;2;12.42242;41.90288;-1;2;Autovettura privata;In marcia / fermata / arresto;Conducente;M;Illeso;0;;Non accertato;Inesploso
2096070;18;29/06/2014 18:50;Strada Urbana;CIRCONVALLAZIONE AURELIA;da specificare;;;;fronte numro civico 11a;Investimento di pedone;Rettilineo;Più di due carreggiate;Asciutto;Asfaltata;Verticale ed orizzontale;Sereno;Scarso;Buona;Ore Diurne;1;0;0;2;12.42777;41.89837;-1;;;;Pedone;M;Ricoverato;0;NON DECEDUTO;;
2096070;18;29/06/2014 18:50;Strada Urbana;CIRCONVALLAZIONE AURELIA;da specificare;;;;fronte numro civico 11a;Investimento di pedone;Rettilineo;Più di due carreggiate;Asciutto;Asfaltata;Verticale ed orizzontale;Sereno;Scarso;Buona;Ore Diurne;1;0;0;2;12.42777;41.89837;-1;1;Autovettura privata;In marcia / fermata / arresto;Conducente;M;Illeso;0;;Non accertato;Inesploso
2096070;18;29/06/2014 18:50;Strada Urbana;CIRCONVALLAZIONE AURELIA;da specificare;;;;fronte numro civico 11a;Investimento di pedone;Rettilineo;Più di due carreggiate;Asciutto;Asfaltata;Verticale ed orizzontale;Sereno;Scarso;Buona;Ore Diurne;1;0;0;2;12.42777;41.89837;-1;1;Autovettura privata;In marcia / fermata / arresto;Passeggero;F;Illeso;0;;Non accertato;Inesploso
2096081;18;29/06/2014 01:55;Strada Urbana;VIA DI BOCCEA;all'intersezione semaforizzata con;VIA DI TORREVECCHIA;VIA DI TORREVECCHIA;;;Scontro frontale/laterale SX fra veicoli in marcia;Intersezione semaforizzata;Una carreggiata a doppio senso;Asciutto;Asfaltata;Verticale ed orizzontale;Sereno;Scarso;Buona;Sufficiente;1;0;0;1;12.39923;41.91084;-1;1;Autovettura privata;In marcia / fermata / arresto;Conducente;F;Illeso;0;;Non accertato;Inesploso
2096081;18;29/06/2014 01:55;Strada Urbana;VIA DI BOCCEA;all'intersezione semaforizzata con;VIA DI TORREVECCHIA;VIA DI TORREVECCHIA;;;Scontro frontale/laterale SX fra veicoli in marcia;Intersezione semaforizzata;Una carreggiata a doppio senso;Asciutto;Asfaltata;Verticale ed orizzontale;Sereno;Scarso;Buona;Sufficiente;1;0;0;1;12.39923;41.91084;-1;2;Autovettura privata;In marcia / fermata / arresto;Conducente;M;Rimandato;0;NON DECEDUTO;Non accertato;Inesploso
2096082;13;29/06/2014 14:00;Strada Urbana;LUNGOMARE AMERIGO VESPUCCI;da specificare;;;;"ALT. STABILIMENTO ""LE PALME""";Tamponamento;Rettilineo;Una carreggiata a doppio senso;Asciutto;Asfaltata;Orizzontale;Sereno;Normale;Buona;Ore Diurne;0;0;0;2;12.3388;41.7051;-1;1;Autovettura privata;In marcia / fermata / arresto;Conducente;M;Illeso;0;;Non accertato;Inesploso
2096082;13;29/06/2014 14:00;Strada Urbana;LUNGOMARE AMERIGO VESPUCCI;da specificare;;;;"ALT. STABILIMENTO ""LE PALME""";Tamponamento;Rettilineo;Una carreggiata a doppio senso;Asciutto;Asfaltata;Orizzontale;Sereno;Normale;Buona;Ore Diurne;0;0;0;2;12.3388;41.7051;-1;2;Autovettura privata;In marcia / fermata / arresto;Conducente;F;Illeso;0;;Non accertato;Inesploso
2096085;13;29/06/2014 19:00;Strada Urbana;PIAZZALE AMERIGO VESPUCCI;all'intersezione con;VIA LITORANEA;VIA LITORANEA;;;Scontro laterale fra veicoli in marcia;Incrocio;Una carreggiata a doppio senso;Asciutto;Asfaltata;Assente;Sereno;Normale;Buona;Sufficiente;0;0;0;4;12.33497;41.70666;-1;1;Autovettura privata;In marcia / fermata / arresto;Conducente;M;Illeso;0;;;
2096085;13;29/06/2014 19:00;Strada Urbana;PIAZZALE AMERIGO VESPUCCI;all'intersezione con;VIA LITORANEA;VIA LITORANEA;;;Scontro laterale fra veicoli in marcia;Incrocio;Una carreggiata a doppio senso;Asciutto;Asfaltata;Assente;Sereno;Normale;Buona;Sufficiente;0;0;0;4;12.33497;41.70666;-1;1;Autovettura privata;In marcia / fermata / arresto;Passeggero;M;Illeso;0;;Non utilizzato;Inesploso
2096085;13;29/06/2014 19:00;Strada Urbana;PIAZZALE AMERIGO VESPUCCI;all'intersezione con;VIA LITORANEA;VIA LITORANEA;;;Scontro laterale fra veicoli in marcia;Incrocio;Una carreggiata a doppio senso;Asciutto;Asfaltata;Assente;Sereno;Normale;Buona;Sufficiente;0;0;0;4;12.33497;41.70666;-1;2;Autovettura privata;In marcia / fermata / arresto;Conducente;F;Illeso;0;;Non accertato;Inesploso
2096085;13;29/06/2014 19:00;Strada Urbana;PIAZZALE AMERIGO VESPUCCI;all'intersezione con;VIA LITORANEA;VIA LITORANEA;;;Scontro laterale fra veicoli in marcia;Incrocio;Una carreggiata a doppio senso;Asciutto;Asfaltata;Assente;Sereno;Normale;Buona;Sufficiente;0;0;0;4;12.33497;41.70666;-1;2;Autovettura privata;In marcia / fermata / arresto;Passeggero;F;Illeso;0;;Non accertato;Inesploso
2096087;17;27/06/2014 15:15;Strada Urbana;VIA S. TOMMASO D'AQUINO;da specificare;;;;fronte civ. 104;Veicolo in marcia contro veicolo fermo;Rettilineo;Una carreggiata a doppio senso;Asciutto;Asfaltata;Verticale ed orizzontale;Sereno;Scarso;Buona;Ore Diurne;1;0;0;1;12.44895;41.91231;-1;1;Autovettura privata;In marcia / fermata / arresto;Conducente;M;Illeso;0;;;
2096087;17;27/06/2014 15:15;Strada Urbana;VIA S. TOMMASO D'AQUINO;da specificare;;;;fronte civ. 104;Veicolo in marcia contro veicolo fermo;Rettilineo;Una carreggiata a doppio senso;Asciutto;Asfaltata;Verticale ed orizzontale;Sereno;Scarso;Buona;Ore Diurne;1;0;0;1;12.44895;41.91231;-1;2;Autovettura privata;In marcia / fermata / arresto;Conducente;F;Rimandato;0;NON DECEDUTO;;
2096101;18;29/06/2014 19:30;Strada Urbana;VIA DELLA MAGLIANELLA;in prossimità;;del civico n.;330;;Tamponamento;Rettilineo;Una carreggiata a senso unico di marcia;Asciutto;Asfaltata;Verticale ed orizzontale;Sereno;Scarso;Buona;Ore Diurne;0;0;0;6;12.38436;41.91394;-1;1;Autovettura privata;In marcia / fermata / arresto;Conducente;M;Illeso;0;;Non accertato;Inesploso
2096101;18;29/06/2014 19:30;Strada Urbana;VIA DELLA MAGLIANELLA;in prossimità;;del civico n.;330;;Tamponamento;Rettilineo;Una carreggiata a senso unico di marcia;Asciutto;Asfaltata;Verticale ed orizzontale;Sereno;Scarso;Buona;Ore Diurne;0;0;0;6;12.38436;41.91394;-1;1;Autovettura privata;In marcia / fermata / arresto;Passeggero;F;Illeso;0;;Non accertato;Inesploso
2096101;18;29/06/2014 19:30;Strada Urbana;VIA DELLA MAGLIANELLA;in prossimità;;del civico n.;330;;Tamponamento;Rettilineo;Una carreggiata a senso unico di marcia;Asciutto;Asfaltata;Verticale ed orizzontale;Sereno;Scarso;Buona;Ore Diurne;0;0;0;6;12.38436;41.91394;-1;1;Autovettura privata;In marcia / fermata / arresto;Passeggero;F;Illeso;0;;;
2096101;18;29/06/2014 19:30;Strada Urbana;VIA DELLA MAGLIANELLA;in prossimità;;del civico n.;330;;Tamponamento;Rettilineo;Una carreggiata a senso unico di marcia;Asciutto;Asfaltata;Verticale ed orizzontale;Sereno;Scarso;Buona;Ore Diurne;0;0;0;6;12.38436;41.91394;-1;1;Autovettura privata;In marcia / fermata / arresto;Passeggero;F;Illeso;0;;Non accertato;Inesploso
2096101;18;29/06/2014 19:30;Strada Urbana;VIA DELLA MAGLIANELLA;in prossimità;;del civico n.;330;;Tamponamento;Rettilineo;Una carreggiata a senso unico di marcia;Asciutto;Asfaltata;Verticale ed orizzontale;Sereno;Scarso;Buona;Ore Diurne;0;0;0;6;12.38436;41.91394;-1;2;Autovettura privata;In marcia / fermata / arresto;Conducente;M;Illeso;0;;Non accertato;Inesploso
2096101;18;29/06/2014 19:30;Strada Urbana;VIA DELLA MAGLIANELLA;in prossimità;;del civico n.;330;;Tamponamento;Rettilineo;Una carreggiata a senso unico di marcia;Asciutto;Asfaltata;Verticale ed orizzontale;Sereno;Scarso;Buona;Ore Diurne;0;0;0;6;12.38436;41.91394;-1;2;Autovettura privata;In marcia / fermata / arresto;Passeggero;F;Illeso;0;;Non accertato;Inesploso
2096106;6;30/06/2014 11:15;Strada Urbana;VIA PRENESTINA;all'intersezione semaforizzata con;LARGO PRENESTE;LARGO PRENESTE;;;Scontro laterale fra veicoli in marcia;Incrocio;Più di due carreggiate;Asciutto;Asfaltata;Verticale ed orizzontale;Sereno;Normale;Buona;Ore Diurne;0;0;0;3;12.54198;41.89259;-1;1;Autovettura privata;In marcia / fermata / arresto;Conducente;M;Illeso;0;;Non accertato;
2096106;6;30/06/2014 11:15;Strada Urbana;VIA PRENESTINA;all'intersezione semaforizzata con;LARGO PRENESTE;LARGO PRENESTE;;;Scontro laterale fra veicoli in marcia;Incrocio;Più di due carreggiate;Asciutto;Asfaltata;Verticale ed orizzontale;Sereno;Normale;Buona;Ore Diurne;0;0;0;3;12.54198;41.89259;-1;1;Autovettura privata;In marcia / fermata / arresto;Passeggero;M;Illeso;0;;Non accertato;
2096106;6;30/06/2014 11:15;Strada Urbana;VIA PRENESTINA;all'intersezione semaforizzata con;LARGO PRENESTE;LARGO PRENESTE;;;Scontro laterale fra veicoli in marcia;Incrocio;Più di due carreggiate;Asciutto;Asfaltata;Verticale ed orizzontale;Sereno;Normale;Buona;Ore Diurne;0;0;0;3;12.54198;41.89259;-1;2;Motociclo a solo;In marcia / fermata / arresto;Conducente;M;Illeso;0;;Non accertato;
2096111;13;28/06/2014 19:00;Strada Urbana;PIAZZA GIOVANNI BATTISTA BOTTERO;da specificare;;;;AREA PARCHEGGIO FR. VIA SEGURANA;Veicolo in marcia contro veicoli in sosta;Rettilineo;Una carreggiata a doppio senso;Asciutto;Asfaltata;Orizzontale;Sereno;Scarso;Buona;Ore Diurne;0;0;0;1;12.29633;41.72766;-1;1;Quadriciclo leggero;In marcia / fermata / arresto;Conducente;F;Illeso;0;;Non accertato;Inesploso
2096116;17;28/06/2014 16:10;Strada Urbana;VIA COLA DI RIENZO;in prossimità;;del civico n.;187;;Scontro frontale fra veicoli in marcia;Rettilineo;Una carreggiata a doppio senso;Asciutto;Acciotolata;Orizzontale;Sereno;Normale;Buona;Ore Diurne;0;0;0;2;12.46377;41.90764;-1;1;Autovettura privata;In marcia / fermata / arresto;Conducente;F;Illeso;0;;;
2096116;17;28/06/2014 16:10;Strada Urbana;VIA COLA DI RIENZO;in prossimità;;del civico n.;187;;Scontro frontale fra veicoli in marcia;Rettilineo;Una carreggiata a doppio senso;Asciutto;Acciotolata;Orizzontale;Sereno;Normale;Buona;Ore Diurne;0;0;0;2;12.46377;41.90764;-1;2;Motociclo a solo;In marcia / fermata / arresto;Conducente;M;Illeso;0;;;
2096122;12;30/06/2014 10:15;Strada Urbana;VIA DEL FOSSO DI ACQUA ACETOSA OSTIENSE;in prossimità;;del civico n.;43;;Scontro frontale/laterale SX fra veicoli in marcia;Rettilineo;Una carreggiata a doppio senso;Asciutto;Asfaltata;Verticale;Sereno;Scarso;Buona;Ore Diurne;2;0;0;0;12.47864;41.80087;-1;1;Autovettura privata;In marcia / fermata / arresto;Conducente;M;Rimandato;0;NON DECEDUTO;Non accertato;Inesploso
2096122;12;30/06/2014 10:15;Strada Urbana;VIA DEL FOSSO DI ACQUA ACETOSA OSTIENSE;in prossimità;;del civico n.;43;;Scontro frontale/laterale SX fra veicoli in marcia;Rettilineo;Una carreggiata a doppio senso;Asciutto;Asfaltata;Verticale;Sereno;Scarso;Buona;Ore Diurne;2;0;0;0;12.47864;41.80087;-1;2;Autovettura privata;In marcia / fermata / arresto;Conducente;M;Rimandato;0;NON DECEDUTO;Utilizzato;Inesploso
2096128;17;27/06/2014 00:55;Strada Urbana;VIALE DELLE MILIZIE;in corrispondenza;;del civico n.;48;;Scontro laterale fra veicoli in marcia;Rettilineo;Più di due carreggiate;Asciutto;Asfaltata;Verticale ed orizzontale;Nuvoloso;Normale;Buona;Sufficiente;0;0;0;4;12.46159;41.9123;-1;1;Autovettura privata;In marcia / fermata / arresto;Conducente;M;Illeso;0;;Non accertato;Inesploso
2096128;17;27/06/2014 00:55;Strada Urbana;VIALE DELLE MILIZIE;in corrispondenza;;del civico n.;48;;Scontro laterale fra veicoli in marcia;Rettilineo;Più di due carreggiate;Asciutto;Asfaltata;Verticale ed orizzontale;Nuvoloso;Normale;Buona;Sufficiente;0;0;0;4;12.46159;41.9123;-1;1;Autovettura privata;In marcia / fermata / arresto;Passeggero;F;Illeso;0;;Non accertato;Inesploso
2096128;17;27/06/2014 00:55;Strada Urbana;VIALE DELLE MILIZIE;in corrispondenza;;del civico n.;48;;Scontro laterale fra veicoli in marcia;Rettilineo;Più di due carreggiate;Asciutto;Asfaltata;Verticale ed orizzontale;Nuvoloso;Normale;Buona;Sufficiente;0;0;0;4;12.46159;41.9123;-1;1;Autovettura privata;In marcia / fermata / arresto;Passeggero;F;Illeso;0;;Non accertato;Inesploso
2096128;17;27/06/2014 00:55;Strada Urbana;VIALE DELLE MILIZIE;in corrispondenza;;del civico n.;48;;Scontro laterale fra veicoli in marcia;Rettilineo;Più di due carreggiate;Asciutto;Asfaltata;Verticale ed orizzontale;Nuvoloso;Normale;Buona;Sufficiente;0;0;0;4;12.46159;41.9123;-1;1;Autovettura privata;In marcia / fermata / arresto;Passeggero;M;Illeso;0;;Non accertato;Inesploso
2096132;3;27/06/2014 14:00;Strada Urbana;VIA GIOVANNI DA PROCIDA;in prossimità;;del civico n.;20a;;Tamponamento Multiplo;Rettilineo;Una carreggiata a senso unico di marcia;Asciutto;Asfaltata;Verticale ed orizzontale;Sereno;Scarso;Buona;Ore Diurne;2;0;0;2;12.52524;41.91288;-1;1;Autovettura privata;In marcia / fermata / arresto;Conducente;F;Rimandato;0;NON DECEDUTO;Non accertato;Inesploso
2096132;3;27/06/2014 14:00;Strada Urbana;VIA GIOVANNI DA PROCIDA;in prossimità;;del civico n.;20a;;Tamponamento Multiplo;Rettilineo;Una carreggiata a senso unico di marcia;Asciutto;Asfaltata;Verticale ed orizzontale;Sereno;Scarso;Buona;Ore Diurne;2;0;0;2;12.52524;41.91288;-1;1;Autovettura privata;In marcia / fermata / arresto;Passeggero;F;Rimandato;0;NON DECEDUTO;Non accertato;Inesploso
2096132;3;27/06/2014 14:00;Strada Urbana;VIA GIOVANNI DA PROCIDA;in prossimità;;del civico n.;20a;;Tamponamento Multiplo;Rettilineo;Una carreggiata a senso unico di marcia;Asciutto;Asfaltata;Verticale ed orizzontale;Sereno;Scarso;Buona;Ore Diurne;2;0;0;2;12.52524;41.91288;-1;2;Autovettura privata;In marcia / fermata / arresto;Conducente;M;Illeso;0;;Non accertato;Inesploso
2096132;3;27/06/2014 14:00;Strada Urbana;VIA GIOVANNI DA PROCIDA;in prossimità;;del civico n.;20a;;Tamponamento Multiplo;Rettilineo;Una carreggiata a senso unico di marcia;Asciutto;Asfaltata;Verticale ed orizzontale;Sereno;Scarso;Buona;Ore Diurne;2;0;0;2;12.52524;41.91288;-1;3;Autovettura privata;In marcia / fermata / arresto;Conducente;M;Illeso;0;;Non accertato;Inesploso